20000101,-4.9
20000102,-3.6
20000103,-0.8
20000104,-1
20000105,0.2
20000106,-0.9
20000107,-2.8
20000108,-1.2
20000109,-1.4
20000110,0
20000111,1.3
20000112,0.3
20000113,-3.8
20000114,-1.7
20000115,-0.7
20000116,-1
20000117,1.6
20000118,2.1
20000119,0.6
20000120,-0.4
20000121,0.9
20000122,-4
20000123,-3.5
20000124,-4.4
20000125,-6.5
20000126,-4.3
20000127,1.2
20000128,0.7
20000129,2.3
20000130,6.3
20000131,8.3
20000201,9.6
20000202,7.2
20000203,7.1
20000204,4.1
20000205,7.1
20000206,9.2
20000207,3.1
20000208,7.8
20000209,7.6
20000210,5.5
20000211,3.5
20000212,5.3
20000213,6.5
20000214,3.8
20000215,1.9
20000216,3.3
20000217,3
20000218,2
20000219,2
20000220,3
20000221,1.4
20000222,-0.1
20000223,0.1
20000224,1.9
20000225,5.7
20000226,4.8
20000227,5.2
20000228,4.8
20000229,5.9
20000301,7.5
20000302,5.4
20000303,5
20000304,5.6
20000305,1.7
20000306,3.2
20000307,7.5
20000308,10.8
20000309,12.6
20000310,6.2
20000311,3.1
20000312,7.2
20000313,4.8
20000314,7.6
20000315,6.2
20000316,1.4
20000317,0.6
20000318,1.5
20000319,1.7
20000320,3.1
20000321,5.6
20000322,9.8
20000323,10.5
20000324,10.2
20000325,8.8
20000326,10.3
20000327,10.7
20000328,11.2
20000329,11.4
20000330,10.1
20000331,8.3
20000401,9.6
20000402,10.2
20000403,11.4
20000404,13.4
20000405,11.5
20000406,6.4
20000407,6.8
20000408,6.6
20000409,5.9
20000410,8.7
20000411,10.9
20000412,12
20000413,13.3
20000414,15.7
20000415,16.6
20000416,14.2
20000417,17.4
20000418,19.3
20000419,20.2
20000420,20.7
20000421,22
20000422,20.8
20000423,20.7
20000424,20.4
20000425,15.5
20000426,16.5
20000427,18.1
20000428,18.9
20000429,20.6
20000430,20.4
20000501,18.8
20000502,18.5
20000503,13.9
20000504,15.5
20000505,17.2
20000506,18.5
20000507,20.1
20000508,20.7
20000509,20.1
20000510,21.5
20000511,22.9
20000512,22.1
20000513,16.3
20000514,17.6
20000515,20.4
20000516,22.1
20000517,23.2
20000518,23
20000519,16
20000520,13.3
20000521,13.5
20000522,12.4
20000523,14.6
20000524,17.4
20000525,19.7
20000526,21.9
20000527,23.8
20000528,24.1
20000529,16.3
20000530,15
20000531,14.6
20000601,16
20000602,17.7
20000603,20.7
20000604,23.1
20000605,25.1
20000606,25.2
20000607,18.8
20000608,18.7
20000609,21.7
20000610,24.2
20000611,26.3
20000612,27.5
20000613,28.2
20000614,28.8
20000615,24.2
20000616,18.1
20000617,15.4
20000618,17.8
20000619,19.5
20000620,23.9
20000621,26.3
20000622,29
20000623,27.2
20000624,21.7
20000625,16.2
20000626,16.7
20000627,16.1
20000628,18.4
20000629,19.4
20000630,18.7
20000701,21.9
20000702,25
20000703,26.1
20000704,26.2
20000705,23.3
20000706,23.8
20000707,23.7
20000708,21.4
20000709,14.2
20000710,20.1
20000711,20.4
20000712,17.3
20000713,17
20000714,17.7
20000715,15.1
20000716,14
20000717,16
20000718,17.2
20000719,19
20000720,18
20000721,19.3
20000722,19.8
20000723,21.7
20000724,22.5
20000725,24.8
20000726,22.8
20000727,21.8
20000728,21.6
20000729,18.4
20000730,19.2
20000731,19.8
20000801,21
20000802,23.3
20000803,24.1
20000804,23.3
20000805,22.5
20000806,24.4
20000807,21.3
20000808,21.1
20000809,21.8
20000810,22.7
20000811,23.7
20000812,25.6
20000813,27
20000814,25.6
20000815,25.4
20000816,26
20000817,27.7
20000818,29
20000819,29.5
20000820,29.3
20000821,29.1
20000822,26.6
20000823,25.2
20000824,21.4
20000825,20.9
20000826,18.5
20000827,19.2
20000828,20.2
20000829,21.1
20000830,21.7
20000831,18.4
20000901,17.9
20000902,18.3
20000903,17.3
20000904,16.8
20000905,14.8
20000906,14.7
20000907,12.4
20000908,15.4
20000909,16.7
20000910,17.8
20000911,19.3
20000912,20.9
20000913,21.1
20000914,21.5
20000915,19.4
20000916,15.8
20000917,15.8
20000918,16.3
20000919,14.8
20000920,15.2
20000921,16.2
20000922,14.4
20000923,12.4
20000924,12.8
20000925,13.6
20000926,14.1
20000927,14.3
20000928,14.3
20000929,15
20000930,16.6
20001001,18.4
20001002,17.7
20001003,18.3
20001004,18.9
20001005,17.5
20001006,15.9
20001007,14.8
20001008,13.4
20001009,11.9
20001010,11.9
20001011,14.8
20001012,18.2
20001013,18
20001014,17.2
20001015,16.4
20001016,14.9
20001017,16.8
20001018,16
20001019,13.9
20001020,12.1
20001021,9.5
20001022,8.4
20001023,8.4
20001024,9.6
20001025,13.9
20001026,12.8
20001027,11.2
20001028,10.6
20001029,10.4
20001030,11.6
20001031,17.1
20001101,11.8
20001102,7.4
20001103,10.3
20001104,11.6
20001105,8.2
20001106,9.2
20001107,11.4
20001108,11.2
20001109,10
20001110,7.3
20001111,7.5
20001112,4.8
20001113,7.9
20001114,13.9
20001115,14.6
20001116,10.7
20001117,10.6
20001118,8.7
20001119,8
20001120,9.2
20001121,10.7
20001122,8.9
20001123,8.8
20001124,7
20001125,9.2
20001126,7.9
20001127,7.2
20001128,6.1
20001129,5.8
20001130,3.4
20001201,3.5
20001202,2.6
20001203,2.9
20001204,5.5
20001205,5.3
20001206,2.9
20001207,0.9
20001208,2.3
20001209,5.1
20001210,5.5
20001211,8.6
20001212,7.1
20001213,8.6
20001214,9.3
20001215,6.7
20001216,5.7
20001217,4.6
20001218,2.8
20001219,1.2
20001220,-1.5
20001221,-1.5
20001222,-2.7
20001223,-4.8
20001224,-6.6
20001225,-2
20001226,2.6
20001227,4.4
20001228,6.2
20001229,4.6
20001230,2.5
20001231,1.3
20010101,-1.4
20010102,-1.1
20010103,1.7
20010104,1
20010105,1.9
20010106,5
20010107,6.2
20010108,7.4
20010109,3.6
20010110,1.5
20010111,1.3
20010112,0.5
20010113,0
20010114,-1.9
20010115,-2.5
20010116,-2.6
20010117,0
20010118,0.3
20010119,-0.6
20010120,-0.5
20010121,-1.3
20010122,-2.1
20010123,-1.2
20010124,-0.4
20010125,1
20010126,1.9
20010127,4.6
20010128,5.4
20010129,4.2
20010130,3.2
20010131,1.3
20010201,1.4
20010202,-1.3
20010203,-1.1
20010204,3.6
20010205,5.8
20010206,9
20010207,9.8
20010208,11.3
20010209,11.5
20010210,9
20010211,5.6
20010212,4.6
20010213,5.9
20010214,5.8
20010215,4.5
20010216,4.6
20010217,4.9
20010218,3
20010219,2.8
20010220,3.4
20010221,4.3
20010222,4
20010223,2.1
20010224,-0.3
20010225,-0.6
20010226,0
20010227,0.1
20010228,1.2
20010301,1
20010302,2
20010303,3.2
20010304,8.9
20010305,7.3
20010306,4.7
20010307,5.7
20010308,6.7
20010309,9.2
20010310,10.5
20010311,11.6
20010312,12.7
20010313,10.4
20010314,9.4
20010315,9.5
20010316,9.8
20010317,12.6
20010318,12.4
20010319,10.2
20010320,6.3
20010321,1.7
20010322,2.9
20010323,8.8
20010324,11.3
20010325,12
20010326,10.7
20010327,4.2
20010328,2.6
20010329,5
20010330,9.3
20010331,11.9
20010401,11.6
20010402,13.3
20010403,13
20010404,14.1
20010405,10
20010406,10.9
20010407,13.3
20010408,12.1
20010409,6.8
20010410,8
20010411,11.2
20010412,12
20010413,5.7
20010414,3.9
20010415,5.9
20010416,9.5
20010417,8.6
20010418,9.9
20010419,11.5
20010420,11.6
20010421,11.7
20010422,8.9
20010423,9.1
20010424,12.5
20010425,15
20010426,13
20010427,14
20010428,15.8
20010429,18.1
20010430,19.3
20010501,19.7
20010502,20.1
20010503,21.2
20010504,21.3
20010505,20.2
20010506,20
20010507,17.5
20010508,17.9
20010509,18.5
20010510,18.1
20010511,16.9
20010512,14.7
20010513,13.9
20010514,16.2
20010515,17.7
20010516,19.8
20010517,21.4
20010518,20.7
20010519,14.4
20010520,16.2
20010521,18
20010522,17
20010523,15.5
20010524,17.9
20010525,19.4
20010526,19.4
20010527,21.2
20010528,21
20010529,23.6
20010530,20.2
20010531,19.7
20010601,15.3
20010602,16
20010603,14.1
20010604,11.3
20010605,13.8
20010606,16.7
20010607,19.4
20010608,21.8
20010609,20.6
20010610,22.4
20010611,15.7
20010612,15.7
20010613,18.6
20010614,17.3
20010615,20.3
20010616,21.9
20010617,18.5
20010618,17
20010619,15.4
20010620,16.4
20010621,18.8
20010622,18.5
20010623,17.1
20010624,19.3
20010625,20.5
20010626,21.5
20010627,23.3
20010628,23.6
20010629,21.3
20010630,22.5
20010701,20.1
20010702,17.7
20010703,16.6
20010704,17.1
20010705,18.9
20010706,22.3
20010707,24.9
20010708,22.9
20010709,22.5
20010710,24
20010711,25.6
20010712,20.9
20010713,23.7
20010714,27.2
20010715,28.9
20010716,28.6
20010717,17.9
20010718,20.3
20010719,23.9
20010720,22.4
20010721,17.5
20010722,18.1
20010723,19.9
20010724,20.5
20010725,21.3
20010726,21.2
20010727,22.3
20010728,24.3
20010729,24.5
20010730,24.3
20010731,25.7
20010801,25.9
20010802,24.7
20010803,26.7
20010804,28.2
20010805,23.4
20010806,22.9
20010807,24
20010808,25.4
20010809,25.8
20010810,24.4
20010811,17.1
20010812,18.2
20010813,20.1
20010814,24
20010815,24.1
20010816,25
20010817,25.4
20010818,25.9
20010819,26.2
20010820,26.1
20010821,23.2
20010822,22.6
20010823,22.2
20010824,23.2
20010825,24.3
20010826,24.5
20010827,25.4
20010828,19.5
20010829,17.2
20010830,17.7
20010831,16.9
20010901,18.3
20010902,16.4
20010903,16.7
20010904,18.3
20010905,16.5
20010906,16
20010907,15.9
20010908,15.2
20010909,12.3
20010910,12
20010911,12.6
20010912,13
20010913,15.7
20010914,16.7
20010915,13.8
20010916,12.2
20010917,10.5
20010918,11.6
20010919,11.9
20010920,14.5
20010921,16.1
20010922,16
20010923,15.5
20010924,18.8
20010925,16.9
20010926,14.1
20010927,12.1
20010928,14.7
20010929,16
20010930,14.1
20011001,16.3
20011002,18.6
20011003,18.8
20011004,16.5
20011005,16.7
20011006,16.5
20011007,16.9
20011008,19.6
20011009,19.6
20011010,19.2
20011011,17.6
20011012,16.7
20011013,15.3
20011014,14.8
20011015,15
20011016,15.7
20011017,13.9
20011018,11.1
20011019,11.9
20011020,13.1
20011021,15.9
20011022,14.8
20011023,13.8
20011024,10.2
20011025,9.2
20011026,7.8
20011027,7.2
20011028,7.1
20011029,11.4
20011030,14.7
20011031,16.9
20011101,11.6
20011102,7.3
20011103,5.1
20011104,6.2
20011105,6.6
20011106,5.7
20011107,9.4
20011108,10.2
20011109,7.2
20011110,4.1
20011111,4.4
20011112,3.5
20011113,4.3
20011114,4.6
20011115,2.7
20011116,3.6
20011117,3.4
20011118,-0.6
20011119,0.1
20011120,3.7
20011121,5.3
20011122,5.8
20011123,3.4
20011124,1.9
20011125,1.5
20011126,0.5
20011127,-0.4
20011128,0.1
20011129,2.9
20011130,2.2
20011201,0.7
20011202,0.2
20011203,-1.9
20011204,-2.2
20011205,-0.6
20011206,0
20011207,-0.9
20011208,-4.9
20011209,-5.2
20011210,-4.8
20011211,-3.7
20011212,-3
20011213,-6.4
20011214,-7.4
20011215,-7.6
20011216,-5.5
20011217,-6.6
20011218,-3
20011219,1.2
20011220,0.6
20011221,-4.4
20011222,-1.2
20011223,-1.8
20011224,-6.7
20011225,-7.6
20011226,-6.4
20011227,-1.3
20011228,-2.5
20011229,3
20011230,3.7
20011231,-0.8
20020101,-3.8
20020102,0
20020103,-5.3
20020104,-8.2
20020105,-5.4
20020106,-2.3
20020107,0.9
20020108,-0.3
20020109,-1.4
20020110,-2.3
20020111,-2.7
20020112,-1.9
20020113,-2.8
20020114,-2.6
20020115,-3.1
20020116,-3.9
20020117,-2.3
20020118,-2
20020119,-0.6
20020120,3.2
20020121,6.1
20020122,7.8
20020123,5.4
20020124,5.8
20020125,7
20020126,4.7
20020127,6.1
20020128,12
20020129,14.5
20020130,11.6
20020131,8.7
20020201,9.1
20020202,7
20020203,1.4
20020204,2
20020205,0.7
20020206,1.3
20020207,5.8
20020208,7
20020209,7.1
20020210,7.6
20020211,8.9
20020212,12
20020213,11.4
20020214,6.7
20020215,2.8
20020216,3.9
20020217,4.6
20020218,4.9
20020219,6.1
20020220,7
20020221,6.9
20020222,1.1
20020223,4.5
20020224,4.3
20020225,3.2
20020226,9.5
20020227,11.1
20020228,9.4
20020301,7.9
20020302,6.6
20020303,5.1
20020304,5.3
20020305,7.1
20020306,10.3
20020307,13.6
20020308,8.9
20020309,7.9
20020310,8.7
20020311,7.7
20020312,8.8
20020313,10.3
20020314,11.8
20020315,12.8
20020316,10.4
20020317,10.4
20020318,10
20020319,9
20020320,8.5
20020321,9.3
20020322,9.3
20020323,4.4
20020324,4.7
20020325,6.4
20020326,6.2
20020327,6.9
20020328,7.2
20020329,9.6
20020330,11.2
20020331,12.9
20020401,13.3
20020402,14.2
20020403,12.8
20020404,8.3
20020405,7.1
20020406,3.6
20020407,3.3
20020408,6.4
20020409,7.8
20020410,5.6
20020411,8.8
20020412,9.2
20020413,12
20020414,11.9
20020415,11.1
20020416,12.8
20020417,15
20020418,14.6
20020419,15.1
20020420,14.5
20020421,15.8
20020422,15.7
20020423,15.7
20020424,14.1
20020425,14.5
20020426,15.2
20020427,12.8
20020428,13.4
20020429,15.4
20020430,14.4
20020501,16.9
20020502,20
20020503,21.4
20020504,23
20020505,16.3
20020506,15.5
20020507,17.9
20020508,19.2
20020509,19.5
20020510,16.4
20020511,18.5
20020512,18.2
20020513,18.7
20020514,19.4
20020515,18.5
20020516,18.5
20020517,21.4
20020518,21.8
20020519,20.3
20020520,18.7
20020521,17.1
20020522,19.3
20020523,21.8
20020524,22.1
20020525,21
20020526,22.2
20020527,20.7
20020528,19.5
20020529,16.6
20020530,18.6
20020531,18.9
20020601,18.4
20020602,14.8
20020603,17
20020604,18.7
20020605,19.6
20020606,18.3
20020607,18
20020608,17.1
20020609,19.5
20020610,16.8
20020611,17.8
20020612,19.7
20020613,22.5
20020614,25
20020615,25.5
20020616,25
20020617,24.1
20020618,25.3
20020619,26.1
20020620,26.9
20020621,28.5
20020622,27.3
20020623,29
20020624,28.3
20020625,21
20020626,21.6
20020627,23.3
20020628,20.6
20020629,18.3
20020630,19.7
20020701,22.5
20020702,25.3
20020703,28.7
20020704,20.7
20020705,20.5
20020706,23.3
20020707,22.7
20020708,25
20020709,27
20020710,28.7
20020711,26.4
20020712,26.5
20020713,26.9
20020714,23.9
20020715,25.7
20020716,26.1
20020717,25.6
20020718,20.8
20020719,19
20020720,20.8
20020721,24
20020722,21.2
20020723,20.8
20020724,23
20020725,20.2
20020726,19.9
20020727,22.4
20020728,25.2
20020729,26.9
20020730,25.3
20020731,24.1
20020801,22.9
20020802,24.4
20020803,25.1
20020804,23.8
20020805,23.7
20020806,25
20020807,19.4
20020808,19.2
20020809,19.7
20020810,21.9
20020811,21.1
20020812,16.6
20020813,16.6
20020814,17.5
20020815,20.1
20020816,22.3
20020817,23.6
20020818,24.1
20020819,23.3
20020820,20.9
20020821,21.2
20020822,21.1
20020823,21.6
20020824,22.6
20020825,23
20020826,23.7
20020827,23.2
20020828,21.8
20020829,22.3
20020830,22.8
20020831,22.6
20020901,22.3
20020902,20
20020903,20.9
20020904,22.8
20020905,22.6
20020906,21
20020907,20.6
20020908,22
20020909,22.1
20020910,21.6
20020911,20.1
20020912,15.6
20020913,13.4
20020914,15.9
20020915,14.2
20020916,13.5
20020917,13.8
20020918,15.6
20020919,17.1
20020920,16
20020921,16.3
20020922,12.7
20020923,13.2
20020924,11
20020925,10.3
20020926,9.2
20020927,11
20020928,9.6
20020929,12.7
20020930,11.7
20021001,12
20021002,13.6
20021003,12.9
20021004,14.8
20021005,12.4
20021006,12.4
20021007,9.5
20021008,8.1
20021009,8.9
20021010,11
20021011,10.8
20021012,9.6
20021013,6.7
20021014,8.7
20021015,10.7
20021016,11.4
20021017,15.8
20021018,10.6
20021019,9.2
20021020,7
20021021,8.8
20021022,12.6
20021023,14.7
20021024,10.7
20021025,8.9
20021026,13.8
20021027,13.3
20021028,12.1
20021029,8.3
20021030,8.2
20021031,7.5
20021101,7.7
20021102,9.2
20021103,7.1
20021104,1.9
20021105,3.4
20021106,2.5
20021107,2.6
20021108,3.4
20021109,4.9
20021110,6.1
20021111,3.8
20021112,8.9
20021113,6.1
20021114,11.9
20021115,15.9
20021116,16.6
20021117,15.8
20021118,14.3
20021119,11.8
20021120,9.4
20021121,8.6
20021122,8.3
20021123,8.5
20021124,6.2
20021125,8.1
20021126,8.9
20021127,10.1
20021128,8.9
20021129,6.4
20021130,6
20021201,6.4
20021202,5.4
20021203,7.7
20021204,8.9
20021205,9.4
20021206,8.1
20021207,4.3
20021208,0.4
20021209,-4.1
20021210,-6
20021211,-6.9
20021212,-5.3
20021213,-2.5
20021214,-1.2
20021215,-1.3
20021216,-0.8
20021217,-0.7
20021218,0.1
20021219,-0.6
20021220,-4
20021221,-2.5
20021222,-0.5
20021223,-2
20021224,-3.3
20021225,-7.1
20021226,-6.7
20021227,-6.1
20021228,-0.9
20021229,3.6
20021230,7.4
20021231,5
20030101,-2
20030102,-2.1
20030103,8.3
20030104,6.3
20030105,1.2
20030106,-4.5
20030107,-4.9
20030108,-7.8
20030109,-7.2
20030110,-5.5
20030111,-4
20030112,-8.2
20030113,-8.1
20030114,-2.8
20030115,5.1
20030116,1.3
20030117,2.5
20030118,-4.6
20030119,-3.8
20030120,-2.1
20030121,-1.9
20030122,1.9
20030123,3
20030124,2.8
20030125,4.1
20030126,1.2
20030127,1.3
20030128,5.1
20030129,3.4
20030130,2.2
20030131,0.4
20030201,-0.2
20030202,-4.8
20030203,-5.2
20030204,-3.4
20030205,-0.5
20030206,-0.2
20030207,-2.1
20030208,-2.4
20030209,-3.5
20030210,0
20030211,-1.6
20030212,-2.9
20030213,-4.9
20030214,-4.4
20030215,-4
20030216,-0.9
20030217,-2.9
20030218,-3.1
20030219,-0.4
20030220,1.5
20030221,2.9
20030222,1.2
20030223,0.2
20030224,2.6
20030225,-1.3
20030226,-3.5
20030227,-1.9
20030228,0.8
20030301,4.4
20030302,3.3
20030303,4.3
20030304,3.8
20030305,1.5
20030306,1.5
20030307,2
20030308,3.5
20030309,7.1
20030310,8.4
20030311,6.3
20030312,8.7
20030313,4.6
20030314,1.9
20030315,4.5
20030316,5.5
20030317,6.3
20030318,6.8
20030319,8.5
20030320,6.4
20030321,3
20030322,0.7
20030323,3.4
20030324,9.4
20030325,13.3
20030326,14
20030327,13.2
20030328,12.7
20030329,13.3
20030330,13.8
20030331,13.2
20030401,9.3
20030402,10.2
20030403,9.3
20030404,8.4
20030405,5.7
20030406,1.3
20030407,0.9
20030408,1.3
20030409,2.7
20030410,8.6
20030411,7.2
20030412,8.1
20030413,12.4
20030414,13.8
20030415,14.8
20030416,14.8
20030417,14
20030418,13.7
20030419,12.3
20030420,12.5
20030421,13.1
20030422,14.9
20030423,13.7
20030424,11.9
20030425,14
20030426,16.6
20030427,14
20030428,17.1
20030429,18.4
20030430,20.3
20030501,20
20030502,21.7
20030503,18.9
20030504,17.1
20030505,19.3
20030506,22.3
20030507,24.6
20030508,24.5
20030509,24.1
20030510,22
20030511,22.6
20030512,23.1
20030513,22.9
20030514,14.2
20030515,12.8
20030516,13.3
20030517,15.6
20030518,18.6
20030519,21.3
20030520,19
20030521,13.1
20030522,13.4
20030523,18
20030524,20.4
20030525,22.7
20030526,24
20030527,24.1
20030528,24.3
20030529,22.9
20030530,21.7
20030531,22.8
20030601,21.2
20030602,21.2
20030603,23.1
20030604,24.7
20030605,26
20030606,27
20030607,26.3
20030608,27.3
20030609,27.3
20030610,26.9
20030611,28.2
20030612,28.4
20030613,26.5
20030614,25.2
20030615,19.9
20030616,20.8
20030617,21.6
20030618,19.9
20030619,21.2
20030620,21.3
20030621,18.9
20030622,19.9
20030623,23.2
20030624,24.7
20030625,24.9
20030626,20.8
20030627,21.6
20030628,22.8
20030629,23.6
20030630,26.1
20030701,27.1
20030702,21.8
20030703,19.6
20030704,21.4
20030705,20.2
20030706,20.2
20030707,19.3
20030708,20
20030709,21.3
20030710,21.7
20030711,21
20030712,21.9
20030713,20.6
20030714,20.6
20030715,23.5
20030716,25.1
20030717,27.1
20030718,19.9
20030719,23.9
20030720,25
20030721,27.1
20030722,26.2
20030723,24.1
20030724,25
20030725,21.1
20030726,23.3
20030727,26.3
20030728,26.8
20030729,19.8
20030730,19.6
20030731,20.6
20030801,24.6
20030802,26
20030803,27.2
20030804,27.7
20030805,28
20030806,26.2
20030807,24.4
20030808,24.8
20030809,25.4
20030810,25.7
20030811,23.9
20030812,23.3
20030813,27.8
20030814,29.6
20030815,23.6
20030816,23.9
20030817,26
20030818,28.2
20030819,24.6
20030820,24.8
20030821,24.5
20030822,26.7
20030823,27.8
20030824,24.4
20030825,21.8
20030826,21.7
20030827,24.8
20030828,23.4
20030829,27.1
20030830,21.6
20030831,16.2
20030901,16.5
20030902,15.3
20030903,14
20030904,15.5
20030905,17.6
20030906,18
20030907,17.5
20030908,19
20030909,20.4
20030910,19.4
20030911,18.2
20030912,14.5
20030913,15.6
20030914,17
20030915,17.4
20030916,17.6
20030917,19.6
20030918,20
20030919,20
20030920,20.9
20030921,21.6
20030922,21.6
20030923,22.6
20030924,15.2
20030925,15.4
20030926,14.5
20030927,15.6
20030928,16.8
20030929,16
20030930,14.7
20031001,14.4
20031002,19.2
20031003,20.6
20031004,17.1
20031005,14.6
20031006,10.5
20031007,11.5
20031008,9.3
20031009,9.4
20031010,10.6
20031011,15
20031012,12.6
20031013,8.9
20031014,8.7
20031015,7.8
20031016,5.5
20031017,7.6
20031018,6.2
20031019,5.5
20031020,7.8
20031021,10.7
20031022,7.2
20031023,6.6
20031024,1.6
20031025,1.4
20031026,4.9
20031027,4.8
20031028,3.3
20031029,3.5
20031030,5.7
20031031,9
20031101,13.6
20031102,10.4
20031103,9.4
20031104,10.1
20031105,8.7
20031106,7
20031107,7.3
20031108,7.4
20031109,6.5
20031110,4.3
20031111,3.7
20031112,2
20031113,1.6
20031114,2.8
20031115,3.1
20031116,3.2
20031117,6.5
20031118,7.9
20031119,12.7
20031120,11.2
20031121,5.6
20031122,6
20031123,6.1
20031124,7
20031125,8.9
20031126,10.3
20031127,11
20031128,10.7
20031129,9.7
20031130,9.5
20031201,8.5
20031202,7.5
20031203,5.4
20031204,2.9
20031205,3
20031206,3.7
20031207,1.1
20031208,-0.9
20031209,-0.5
20031210,-0.6
20031211,1.3
20031212,3.2
20031213,2
20031214,2
20031215,3.3
20031216,0.8
20031217,0.2
20031218,3.2
20031219,-0.4
20031220,-0.9
20031221,1.5
20031222,5.1
20031223,0.1
20031224,-1.7
20031225,-3.7
20031226,-2.8
20031227,-4.6
20031228,-2.2
20031229,1.7
20031230,4.7
20031231,6.3
20040101,3
20040102,-0.1
20040103,-3
20040104,-4.5
20040105,-5.8
20040106,-6.6
20040107,-6.1
20040108,-4
20040109,-6.5
20040110,-2.9
20040111,-1.1
20040112,1.3
20040113,4.7
20040114,6.9
20040115,3.8
20040116,3.7
20040117,4.1
20040118,4.2
20040119,2.2
20040120,0.6
20040121,-1.5
20040122,-4.9
20040123,-6.2
20040124,-5.7
20040125,-3.7
20040126,-3.6
20040127,-3.8
20040128,-3.2
20040129,-2.1
20040130,0.2
20040131,-1.7
20040201,1.1
20040202,7.7
20040203,7.8
20040204,10.8
20040205,15
20040206,14.2
20040207,9.8
20040208,7.4
20040209,3.5
20040210,0.8
20040211,1
20040212,-4.8
20040213,-4.7
20040214,0.7
20040215,3.2
20040216,2.3
20040217,2
20040218,3.1
20040219,1.6
20040220,0.8
20040221,-0.8
20040222,-0.5
20040223,0.8
20040224,-0.5
20040225,-0.4
20040226,-0.2
20040227,1.4
20040228,1
20040229,0.1
20040301,-0.3
20040302,-1.1
20040303,2.6
20040304,0.3
20040305,-1.9
20040306,-2.2
20040307,-0.9
20040308,-0.1
20040309,1.2
20040310,2.2
20040311,2.9
20040312,5.8
20040313,6.2
20040314,6.5
20040315,8.8
20040316,12
20040317,15.5
20040318,14.7
20040319,15
20040320,15
20040321,14.2
20040322,10.3
20040323,8.7
20040324,9.8
20040325,4.3
20040326,2.9
20040327,2.9
20040328,3.4
20040329,5.6
20040330,7.7
20040331,9.7
20040401,11.2
20040402,11.3
20040403,11.6
20040404,13.4
20040405,11.6
20040406,9.6
20040407,8.2
20040408,8.3
20040409,10.3
20040410,10.7
20040411,11
20040412,10.3
20040413,10.5
20040414,9.9
20040415,10.8
20040416,12.7
20040417,10.5
20040418,12.4
20040419,12.9
20040420,14.4
20040421,14.7
20040422,16
20040423,18.1
20040424,12.3
20040425,10.8
20040426,13.4
20040427,13.6
20040428,15.3
20040429,17.2
20040430,17.8
20040501,17.8
20040502,16.4
20040503,16.4
20040504,17.5
20040505,17.6
20040506,13.6
20040507,11
20040508,10.4
20040509,12.1
20040510,12.5
20040511,14.5
20040512,17.1
20040513,15.2
20040514,13.3
20040515,13.4
20040516,12.4
20040517,13.3
20040518,15.8
20040519,18.9
20040520,20.3
20040521,20
20040522,14.1
20040523,10.4
20040524,10.5
20040525,12.6
20040526,16.2
20040527,17.6
20040528,13.7
20040529,15.3
20040530,17.9
20040531,19.3
20040601,18.7
20040602,16.5
20040603,15.7
20040604,16.3
20040605,16.1
20040606,16.6
20040607,19.1
20040608,21.3
20040609,22.9
20040610,22
20040611,23.3
20040612,21
20040613,17.2
20040614,20.2
20040615,19.9
20040616,18
20040617,16.8
20040618,18.7
20040619,21.3
20040620,19.9
20040621,17.6
20040622,20.3
20040623,22
20040624,22.1
20040625,16.9
20040626,18
20040627,19.7
20040628,23.3
20040629,19.1
20040630,19.7
20040701,22
20040702,16.7
20040703,18.9
20040704,20.5
20040705,23.3
20040706,22.9
20040707,20.6
20040708,24.7
20040709,25.2
20040710,20.6
20040711,17.5
20040712,17.4
20040713,17.5
20040714,16.4
20040715,16.2
20040716,20.2
20040717,24.2
20040718,26.1
20040719,26.3
20040720,26.3
20040721,27.4
20040722,27.5
20040723,26
20040724,25.1
20040725,24.6
20040726,20.4
20040727,18.6
20040728,15.3
20040729,17.3
20040730,17.7
20040731,22.3
20040801,22.4
20040802,23
20040803,22.4
20040804,22.5
20040805,23.7
20040806,23
20040807,21.3
20040808,21
20040809,22.4
20040810,23.6
20040811,24.2
20040812,25.3
20040813,22
20040814,19.5
20040815,20.2
20040816,21.1
20040817,22.4
20040818,25.5
20040819,25.3
20040820,24.2
20040821,21.9
20040822,18.8
20040823,19.8
20040824,21.2
20040825,21.8
20040826,17.4
20040827,17.6
20040828,20
20040829,20.7
20040830,22.1
20040831,18.6
20040901,17.9
20040902,19
20040903,20.5
20040904,20.6
20040905,20.1
20040906,20.4
20040907,19.9
20040908,20.2
20040909,15.7
20040910,14.6
20040911,15.4
20040912,17.9
20040913,19.4
20040914,19.9
20040915,20.5
20040916,17.4
20040917,16
20040918,14.6
20040919,14.8
20040920,16.4
20040921,18.1
20040922,15.1
20040923,12.1
20040924,11.7
20040925,13.2
20040926,13.6
20040927,13.2
20040928,13.5
20040929,15
20040930,14.8
20041001,12.8
20041002,14
20041003,15.2
20041004,14.8
20041005,15.6
20041006,16.3
20041007,14.8
20041008,15.7
20041009,13.7
20041010,9.4
20041011,9.2
20041012,7.8
20041013,7.7
20041014,8.7
20041015,10.1
20041016,10.4
20041017,6.4
20041018,8.5
20041019,10.8
20041020,12.3
20041021,10.3
20041022,11.4
20041023,12.9
20041024,14
20041025,14.9
20041026,14.2
20041027,13.3
20041028,14.1
20041029,17.2
20041030,17.3
20041031,15.6
20041101,14.7
20041102,14.9
20041103,14.4
20041104,12.7
20041105,10.2
20041106,9
20041107,6.5
20041108,5.9
20041109,5.2
20041110,6.6
20041111,10.3
20041112,11
20041113,7.8
20041114,5.9
20041115,4.1
20041116,3.6
20041117,8
20041118,10.3
20041119,6.2
20041120,1
20041121,2
20041122,1.8
20041123,6.6
20041124,1.9
20041125,0.8
20041126,1.8
20041127,4.9
20041128,5.7
20041129,2.9
20041130,3.3
20041201,4.4
20041202,7.5
20041203,6.7
20041204,4.8
20041205,2
20041206,3.1
20041207,3.9
20041208,0.3
20041209,1.3
20041210,0
20041211,-1.3
20041212,-1.4
20041213,-0.8
20041214,0.2
20041215,-2.3
20041216,-2.3
20041217,-1.6
20041218,1.6
20041219,1.9
20041220,0.7
20041221,-1.2
20041222,-1.8
20041223,-1.7
20041224,2.8
20041225,3.8
20041226,4.7
20041227,4.9
20041228,3.2
20041229,3.4
20041230,2.8
20041231,2
20050101,4.7
20050102,6.2
20050103,4.1
20050104,5.9
20050105,7.6
20050106,6.3
20050107,5.5
20050108,5.5
20050109,6.2
20050110,6.9
20050111,2.4
20050112,1.1
20050113,1.9
20050114,2.9
20050115,3
20050116,0.7
20050117,-1.6
20050118,-5.2
20050119,-3
20050120,0.7
20050121,3.7
20050122,2.8
20050123,1.2
20050124,-0.5
20050125,-1
20050126,-1.8
20050127,-4.2
20050128,-6.3
20050129,-4.8
20050130,-5.4
20050131,-1.9
20050201,1.5
20050202,0.5
20050203,-3.2
20050204,-2
20050205,-3.3
20050206,-4.2
20050207,-5.6
20050208,-5.7
20050209,-5.6
20050210,-5.7
20050211,-4.8
20050212,-4.2
20050213,4.1
20050214,2.5
20050215,0
20050216,0.2
20050217,1.1
20050218,0.3
20050219,-0.2
20050220,1
20050221,-0.7
20050222,1.8
20050223,2
20050224,1
20050225,1.1
20050226,0.7
20050227,-1.3
20050228,-6.1
20050301,-5.3
20050302,-4.6
20050303,-3.2
20050304,-1.7
20050305,-1.1
20050306,-2.6
20050307,-2.6
20050308,0.2
20050309,1.8
20050310,-2.6
20050311,-1
20050312,5.1
20050313,4.5
20050314,5.5
20050315,5.9
20050316,9.1
20050317,14
20050318,15
20050319,9.3
20050320,1.8
20050321,2.4
20050322,4.3
20050323,6.6
20050324,9
20050325,11.5
20050326,11.8
20050327,10.9
20050328,13.5
20050329,11.1
20050330,10.3
20050331,8
20050401,6.9
20050402,8.3
20050403,10.8
20050404,12
20050405,12.1
20050406,14.1
20050407,15.4
20050408,16.1
20050409,14.3
20050410,7.6
20050411,8.6
20050412,11.2
20050413,14
20050414,14.6
20050415,16.7
20050416,15.7
20050417,14.4
20050418,11.9
20050419,14.5
20050420,10.2
20050421,5.7
20050422,7
20050423,11
20050424,13
20050425,12.7
20050426,11.9
20050427,14.5
20050428,13
20050429,13.5
20050430,13.5
20050501,16.9
20050502,20.4
20050503,22.5
20050504,16.6
20050505,15.3
20050506,13.1
20050507,12
20050508,10.2
20050509,10.4
20050510,12.2
20050511,12.2
20050512,11.7
20050513,13.1
20050514,16.2
20050515,17.2
20050516,18.8
20050517,18.2
20050518,15.1
20050519,12.1
20050520,13.9
20050521,16.7
20050522,18.5
20050523,20.8
20050524,17.5
20050525,19.2
20050526,21.3
20050527,23.6
20050528,24.7
20050529,25.6
20050530,26.9
20050531,18.9
20050601,16.4
20050602,16.8
20050603,19.6
20050604,21.3
20050605,17.4
20050606,18.4
20050607,15
20050608,12.7
20050609,10.1
20050610,10.6
20050611,14.3
20050612,16.2
20050613,19.8
20050614,22.5
20050615,22
20050616,23.3
20050617,23.5
20050618,22.3
20050619,20.1
20050620,21.3
20050621,21.4
20050622,22.3
20050623,21.4
20050624,21.4
20050625,22.8
20050626,23
20050627,23.6
20050628,23.9
20050629,24.8
20050630,21.8
20050701,20.1
20050702,18.3
20050703,21.4
20050704,21.7
20050705,18.9
20050706,15.4
20050707,19.1
20050708,19.6
20050709,19.2
20050710,18.2
20050711,18.6
20050712,17.3
20050713,20.1
20050714,21.1
20050715,23
20050716,24.5
20050717,23.7
20050718,25
20050719,22.8
20050720,21
20050721,19.2
20050722,19.9
20050723,17.8
20050724,20.2
20050725,22.5
20050726,24.3
20050727,25.9
20050728,27.8
20050729,29
20050730,28.6
20050731,26.7
20050801,24.4
20050802,25.4
20050803,23.8
20050804,16.7
20050805,15.6
20050806,18.2
20050807,16.6
20050808,14.4
20050809,17.2
20050810,19.9
20050811,19.6
20050812,19.9
20050813,20.9
20050814,20.5
20050815,17.2
20050816,17.7
20050817,19
20050818,21.3
20050819,20.9
20050820,22.1
20050821,20.7
20050822,18.2
20050823,18.6
20050824,18
20050825,20.2
20050826,19.8
20050827,20
20050828,18.9
20050829,20.1
20050830,21.7
20050831,22.3
20050901,22.4
20050902,20.4
20050903,18.9
20050904,18.1
20050905,18.6
20050906,18.8
20050907,19.6
20050908,20.6
20050909,21.7
20050910,20.6
20050911,20
20050912,21.3
20050913,21
20050914,19
20050915,18.3
20050916,20.5
20050917,16.5
20050918,13.8
20050919,11.6
20050920,10.8
20050921,13.9
20050922,15.7
20050923,15
20050924,16.2
20050925,16.9
20050926,17
20050927,17
20050928,15.7
20050929,14.4
20050930,12.6
20051001,10.9
20051002,12.2
20051003,16.5
20051004,18.5
20051005,17.6
20051006,15.7
20051007,15
20051008,12.7
20051009,12.8
20051010,12.8
20051011,11.9
20051012,11.7
20051013,12
20051014,11.4
20051015,10.3
20051016,10.2
20051017,7.8
20051018,7.4
20051019,7.7
20051020,8.2
20051021,9.7
20051022,11.5
20051023,13.1
20051024,13.3
20051025,14.3
20051026,16.7
20051027,16.2
20051028,12.7
20051029,9
20051030,6.5
20051031,4.8
20051101,5.9
20051102,7.9
20051103,8.1
20051104,9
20051105,8.5
20051106,9.8
20051107,9.2
20051108,9.3
20051109,6.5
20051110,5.7
20051111,7
20051112,6.5
20051113,5.9
20051114,7.2
20051115,4.6
20051116,6.9
20051117,5.6
20051118,3.2
20051119,1
20051120,0.4
20051121,0.5
20051122,-0.8
20051123,-0.7
20051124,-0.1
20051125,0.4
20051126,3.4
20051127,6.1
20051128,2.2
20051129,1.2
20051130,2.4
20051201,2.8
20051202,1.7
20051203,4.1
20051204,6.3
20051205,5.7
20051206,5.8
20051207,4.9
20051208,4.2
20051209,3.1
20051210,1.6
20051211,-1.6
20051212,-4.5
20051213,-0.5
20051214,1.2
20051215,2.4
20051216,3.2
20051217,1.1
20051218,-1
20051219,0.6
20051220,1.3
20051221,1.3
20051222,1
20051223,2.8
20051224,3.8
20051225,4.4
20051226,-0.8
20051227,-1
20051228,1.8
20051229,-0.1
20051230,-2.4
20051231,-2.8
20060101,1
20060102,3.8
20060103,2.1
20060104,1.7
20060105,3.7
20060106,3.9
20060107,2.3
20060108,-0.5
20060109,-0.5
20060110,0.8
20060111,0.3
20060112,-2.4
20060113,-1.1
20060114,-3.1
20060115,-2.3
20060116,-3.3
20060117,-3.7
20060118,-1
20060119,-2
20060120,-3.1
20060121,1.5
20060122,-1.2
20060123,-8.7
20060124,-8.9
20060125,-8.7
20060126,-8.1
20060127,-6.9
20060128,-4.4
20060129,-1.2
20060130,-0.2
20060131,-2.9
20060201,-3.4
20060202,-3.9
20060203,-4.1
20060204,-3.5
20060205,-3.8
20060206,-5.3
20060207,-6.2
20060208,-2.5
20060209,-1.3
20060210,0.2
20060211,0.6
20060212,-0.8
20060213,-1
20060214,0.6
20060215,0
20060216,-1.1
20060217,1.4
20060218,3.6
20060219,6.4
20060220,8.1
20060221,7.1
20060222,4
20060223,3.1
20060224,4.6
20060225,0.8
20060226,-0.4
20060227,-2.6
20060228,-3.5
20060301,0
20060302,0.6
20060303,1.7
20060304,4.8
20060305,0.1
20060306,-0.3
20060307,0.4
20060308,0.3
20060309,-0.2
20060310,4.8
20060311,5.1
20060312,1.7
20060313,0.8
20060314,0.8
20060315,2.1
20060316,3.6
20060317,2.5
20060318,3.2
20060319,5
20060320,6.9
20060321,7.9
20060322,10.1
20060323,6.8
20060324,4.5
20060325,7.1
20060326,12.3
20060327,14.6
20060328,14.2
20060329,8.6
20060330,11.7
20060331,12.7
20060401,14.6
20060402,13.2
20060403,12.5
20060404,10.6
20060405,9.7
20060406,5.8
20060407,7
20060408,9.1
20060409,11.9
20060410,15.2
20060411,9.7
20060412,8.4
20060413,8.9
20060414,10.7
20060415,12.5
20060416,14.1
20060417,14.1
20060418,14.5
20060419,16.3
20060420,13.4
20060421,14.7
20060422,16.4
20060423,17.8
20060424,18.8
20060425,19
20060426,18.9
20060427,17.7
20060428,16
20060429,16.4
20060430,14.6
20060501,10.8
20060502,11.7
20060503,15.6
20060504,14.4
20060505,15.9
20060506,13.5
20060507,13.6
20060508,13.9
20060509,16.4
20060510,15.3
20060511,15.8
20060512,17.5
20060513,19.1
20060514,18.8
20060515,17.7
20060516,19.4
20060517,16.9
20060518,20.4
20060519,18
20060520,17.5
20060521,16.3
20060522,20.5
20060523,21.5
20060524,13.9
20060525,16.5
20060526,16.7
20060527,17.6
20060528,16.3
20060529,14.8
20060530,11.9
20060531,11.5
20060601,12.2
20060602,11.3
20060603,13.5
20060604,13.6
20060605,12.5
20060606,15
20060607,14.8
20060608,16.4
20060609,17.4
20060610,14.2
20060611,17.3
20060612,20.5
20060613,20.5
20060614,19.4
20060615,20.6
20060616,24.2
20060617,24.3
20060618,25.4
20060619,25.8
20060620,26.5
20060621,26.5
20060622,25.8
20060623,23.4
20060624,24.5
20060625,26.3
20060626,28.1
20060627,29.4
20060628,27.3
20060629,24.1
20060630,20.5
20060701,19.9
20060702,19.5
20060703,20.5
20060704,21.4
20060705,22.9
20060706,24.3
20060707,25.2
20060708,24.8
20060709,24.8
20060710,25.8
20060711,26.4
20060712,26
20060713,25.5
20060714,25.3
20060715,22.8
20060716,20.4
20060717,21.1
20060718,23.4
20060719,26.7
20060720,27.5
20060721,28.6
20060722,28.9
20060723,27.5
20060724,24.7
20060725,25.9
20060726,27.1
20060727,27.5
20060728,27.8
20060729,25.8
20060730,24.1
20060731,25.9
20060801,23.6
20060802,20.4
20060803,20.3
20060804,17.6
20060805,17.9
20060806,17.9
20060807,18.4
20060808,19.2
20060809,20.5
20060810,20.2
20060811,20
20060812,18.1
20060813,17.7
20060814,19.4
20060815,20.2
20060816,21.5
20060817,24.8
20060818,25.9
20060819,25.4
20060820,24.5
20060821,20.1
20060822,18.4
20060823,18.6
20060824,20.6
20060825,18.5
20060826,18.7
20060827,20.4
20060828,18.8
20060829,15.8
20060830,13.9
20060831,14.7
20060901,17
20060902,20
20060903,20.9
20060904,24.4
20060905,21.8
20060906,19.8
20060907,21.2
20060908,17.8
20060909,16.6
20060910,16.5
20060911,16.9
20060912,17.7
20060913,18.3
20060914,18.6
20060915,20.3
20060916,20.2
20060917,19.5
20060918,19
20060919,17.3
20060920,18.4
20060921,19
20060922,18.4
20060923,18
20060924,18.9
20060925,18.6
20060926,19.6
20060927,19.5
20060928,18.8
20060929,18.3
20060930,18.1
20061001,18.5
20061002,19.5
20061003,21.1
20061004,17.7
20061005,15.7
20061006,14.4
20061007,14
20061008,15.2
20061009,14.2
20061010,14.7
20061011,14.3
20061012,14.5
20061013,14.2
20061014,13.7
20061015,13.5
20061016,11.4
20061017,8.4
20061018,8.9
20061019,10.1
20061020,10.7
20061021,14.3
20061022,14.7
20061023,17.2
20061024,17.6
20061025,15.2
20061026,15.2
20061027,15.2
20061028,16.3
20061029,14.4
20061030,6.6
20061031,5.1
20061101,5
20061102,2.4
20061103,0
20061104,0.8
20061105,7.7
20061106,9.4
20061107,10
20061108,8
20061109,10.5
20061110,7.4
20061111,6.5
20061112,7.7
20061113,6.8
20061114,12
20061115,13
20061116,8.8
20061117,12.4
20061118,12.9
20061119,11.4
20061120,8.8
20061121,9.5
20061122,9.8
20061123,10.9
20061124,8.8
20061125,10.1
20061126,10.8
20061127,10.6
20061128,10.2
20061129,7.5
20061130,8.5
20061201,8.6
20061202,7.3
20061203,5.9
20061204,6.5
20061205,8.1
20061206,8.8
20061207,9.7
20061208,9.5
20061209,10.5
20061210,7.6
20061211,5.4
20061212,1.9
20061213,1.9
20061214,0.1
20061215,-0.6
20061216,-0.6
20061217,0.4
20061218,3.6
20061219,4.1
20061220,2
20061221,4.1
20061222,4.9
20061223,3.5
20061224,3.4
20061225,3.5
20061226,1.7
20061227,-1
20061228,-2.8
20061229,1.1
20061230,-0.9
20061231,-0.4
20070101,2.5
20070102,5.8
20070103,4.5
20070104,5.4
20070105,7.7
20070106,8.7
20070107,8.8
20070108,6.9
20070109,6.9
20070110,10.4
20070111,10.8
20070112,9.8
20070113,11.3
20070114,10.5
20070115,7
20070116,4.3
20070117,4.5
20070118,8.5
20070119,9.9
20070120,9.2
20070121,10
20070122,6.9
20070123,4
20070124,3.5
20070125,-1
20070126,-1.8
20070127,-1.3
20070128,2.2
20070129,5.6
20070130,5.6
20070131,6.5
20070201,6.5
20070202,5.2
20070203,5.8
20070204,4.7
20070205,6.6
20070206,6.6
20070207,5.6
20070208,8.3
20070209,7.9
20070210,7.3
20070211,7.8
20070212,9.1
20070213,9
20070214,8.5
20070215,6.7
20070216,7.3
20070217,4.7
20070218,4.2
20070219,3.1
20070220,5.5
20070221,5.2
20070222,7
20070223,6
20070224,3
20070225,1.3
20070226,1.3
20070227,4.9
20070228,6.3
20070301,10.3
20070302,9.9
20070303,7.5
20070304,7.7
20070305,6.4
20070306,9.7
20070307,11
20070308,12.3
20070309,8.1
20070310,8.6
20070311,9.3
20070312,10
20070313,12.3
20070314,13.2
20070315,11
20070316,10.1
20070317,11.5
20070318,13.4
20070319,7.6
20070320,7.5
20070321,4.2
20070322,6.2
20070323,8.4
20070324,7.2
20070325,10.6
20070326,10.8
20070327,10.7
20070328,10.6
20070329,9.6
20070330,10
20070331,12.2
20070401,12.1
20070402,12.6
20070403,13.3
20070404,12.4
20070405,10.1
20070406,13.7
20070407,12.9
20070408,12
20070409,13.7
20070410,15.5
20070411,15.3
20070412,16.4
20070413,17.5
20070414,17.8
20070415,17.5
20070416,15.2
20070417,16
20070418,14.6
20070419,11.3
20070420,14.4
20070421,12.2
20070422,13.3
20070423,14.6
20070424,16.6
20070425,15.9
20070426,17.5
20070427,18.7
20070428,20.8
20070429,19.3
20070430,15.1
20070501,12.9
20070502,10.8
20070503,14.3
20070504,16.2
20070505,15.5
20070506,16.9
20070507,18
20070508,17.9
20070509,14.4
20070510,18
20070511,22.3
20070512,19
20070513,21.5
20070514,24.6
20070515,21.6
20070516,14.2
20070517,15.2
20070518,15.7
20070519,18.9
20070520,20.9
20070521,23.3
20070522,24.8
20070523,25.1
20070524,24.9
20070525,24.3
20070526,24.9
20070527,24.8
20070528,22.6
20070529,18.6
20070530,14.4
20070531,16.5
20070601,19.6
20070602,20.5
20070603,20.1
20070604,22.1
20070605,21.7
20070606,21.2
20070607,22.9
20070608,24.3
20070609,24.1
20070610,23.7
20070611,23.5
20070612,24.3
20070613,24.1
20070614,25
20070615,26.6
20070616,23.6
20070617,24.1
20070618,24.8
20070619,26.4
20070620,27.1
20070621,26.7
20070622,23.9
20070623,22
20070624,23
20070625,26.5
20070626,21.1
20070627,19.4
20070628,18.7
20070629,20.4
20070630,20.7
20070701,24.4
20070702,27.1
20070703,23.7
20070704,18.7
20070705,17.6
20070706,18.8
20070707,22.7
20070708,24.2
20070709,25.9
20070710,15.8
20070711,17.7
20070712,18
20070713,20.8
20070714,25.2
20070715,28.2
20070716,29.6
20070717,30.2
20070718,31.5
20070719,31.9
20070720,33.1
20070721,30.8
20070722,29.1
20070723,27.3
20070724,25.4
20070725,21.3
20070726,23.7
20070727,26.3
20070728,26.4
20070729,24.5
20070730,17.4
20070731,18
20070801,20.3
20070802,22.6
20070803,21.7
20070804,20.7
20070805,22.5
20070806,25.1
20070807,24.8
20070808,25.5
20070809,24.5
20070810,23.2
20070811,20.8
20070812,20.3
20070813,22.5
20070814,24
20070815,25.9
20070816,27.3
20070817,25.1
20070818,23
20070819,24.1
20070820,21.3
20070821,21.1
20070822,25.1
20070823,27.7
20070824,26.4
20070825,27
20070826,25.1
20070827,24.4
20070828,22.7
20070829,18.3
20070830,16.8
20070831,18.1
20070901,18.2
20070902,17.5
20070903,18.8
20070904,13.6
20070905,9.6
20070906,10.6
20070907,12.4
20070908,15.9
20070909,16.1
20070910,15.9
20070911,13.9
20070912,14.6
20070913,15.5
20070914,16
20070915,16.9
20070916,16.1
20070917,18.6
20070918,19.7
20070919,13.1
20070920,12.3
20070921,13.3
20070922,13.6
20070923,14.8
20070924,15.2
20070925,15.8
20070926,15.4
20070927,16.5
20070928,16.3
20070929,16.2
20070930,16.2
20071001,16.7
20071002,17.1
20071003,18.7
20071004,17.7
20071005,18.3
20071006,15.5
20071007,14.6
20071008,13.2
20071009,14.3
20071010,14.7
20071011,14.3
20071012,12.9
20071013,11
20071014,7.6
20071015,8.7
20071016,9.5
20071017,10.5
20071018,10.2
20071019,7.5
20071020,6
20071021,6.7
20071022,9
20071023,9.3
20071024,9.3
20071025,9
20071026,9.6
20071027,12.6
20071028,11.9
20071029,12.2
20071030,10.9
20071031,11.1
20071101,8.9
20071102,9.8
20071103,12.3
20071104,10.8
20071105,6.7
20071106,3.3
20071107,5.3
20071108,7.7
20071109,7
20071110,4.4
20071111,2.6
20071112,3.5
20071113,3.9
20071114,3.3
20071115,2.8
20071116,1.6
20071117,1.7
20071118,4.4
20071119,6.1
20071120,5.3
20071121,3.6
20071122,4.8
20071123,7.4
20071124,8.7
20071125,7.3
20071126,4.2
20071127,1.8
20071128,0.5
20071129,-1.1
20071130,0.5
20071201,5.7
20071202,4.3
20071203,7.5
20071204,5.6
20071205,4.7
20071206,3.5
20071207,4.8
20071208,5.4
20071209,4.5
20071210,5.9
20071211,5.5
20071212,6.3
20071213,3.2
20071214,0
20071215,-0.3
20071216,0.7
20071217,-0.7
20071218,-0.9
20071219,-3.1
20071220,-2.7
20071221,-2.7
20071222,-4.5
20071223,-4.4
20071224,-3.4
20071225,-2.2
20071226,-3.2
20071227,-3.3
20071228,-3.9
20071229,-4.5
20071230,-5.3
20071231,-3.6
20080101,-2.1
20080102,0.4
20080103,-4
20080104,-5.2
20080105,-4.5
20080106,-0.4
20080107,1.5
20080108,2
20080109,-0.8
20080110,0.7
20080111,0.8
20080112,3.5
20080113,3.9
20080114,3.7
20080115,2.6
20080116,2.5
20080117,4
20080118,4.7
20080119,6.1
20080120,11.4
20080121,10.6
20080122,6.8
20080123,2.6
20080124,2.6
20080125,3.3
20080126,5.3
20080127,6.7
20080128,4
20080129,2.4
20080130,4.1
20080131,4.1
20080201,2.6
20080202,5.9
20080203,5.4
20080204,5.6
20080205,6.5
20080206,6
20080207,6.2
20080208,5.4
20080209,5.3
20080210,4.1
20080211,1.8
20080212,0.8
20080213,1.4
20080214,1.3
20080215,1.3
20080216,-3
20080217,-3.2
20080218,2.3
20080219,6.2
20080220,5.1
20080221,6.3
20080222,11.4
20080223,11.4
20080224,12
20080225,11.4
20080226,11.7
20080227,11.1
20080228,8.8
20080229,8.7
20080301,9.6
20080302,9.2
20080303,12.1
20080304,6.1
20080305,5
20080306,3.2
20080307,6.5
20080308,6.7
20080309,8
20080310,10.2
20080311,9.1
20080312,8.4
20080313,8.3
20080314,7.8
20080315,8.7
20080316,11.2
20080317,10
20080318,4.9
20080319,4.2
20080320,3.2
20080321,5.7
20080322,5.3
20080323,7.1
20080324,3.4
20080325,3
20080326,4.2
20080327,6.8
20080328,9.7
20080329,10.5
20080330,10.6
20080331,11.1
20080401,11.1
20080402,10.4
20080403,9.5
20080404,10.9
20080405,10.1
20080406,11.1
20080407,8.4
20080408,8
20080409,14.2
20080410,17.1
20080411,18.4
20080412,13.2
20080413,12.4
20080414,11.5
20080415,12.1
20080416,9.5
20080417,9.7
20080418,14.3
20080419,14
20080420,16.1
20080421,16.2
20080422,14.7
20080423,11.6
20080424,12.7
20080425,12.8
20080426,13.7
20080427,16.4
20080428,15.8
20080429,15
20080430,14.8
20080501,15.6
20080502,15.6
20080503,14.7
20080504,14.2
20080505,13.5
20080506,15.4
20080507,16.1
20080508,16.5
20080509,16.6
20080510,16.6
20080511,16.1
20080512,18.1
20080513,19.1
20080514,17.8
20080515,18.9
20080516,19.2
20080517,21
20080518,20.5
20080519,20
20080520,16.2
20080521,15.4
20080522,15.3
20080523,16.4
20080524,19
20080525,19.5
20080526,19.3
20080527,23.2
20080528,24
20080529,19.8
20080530,22.8
20080531,24.8
20080601,24.4
20080602,23.8
20080603,23.1
20080604,21.1
20080605,20.2
20080606,19.2
20080607,17.1
20080608,18.4
20080609,19.9
20080610,23.9
20080611,21.8
20080612,20.1
20080613,17.8
20080614,16.4
20080615,15.3
20080616,18.5
20080617,20.5
20080618,18.8
20080619,21.4
20080620,23.8
20080621,24.9
20080622,26.6
20080623,28.5
20080624,27
20080625,26.2
20080626,24.9
20080627,23.2
20080628,22.5
20080629,24.4
20080630,22.5
20080701,24
20080702,24.9
20080703,26.3
20080704,22.5
20080705,20.7
20080706,23.1
20080707,23.7
20080708,18.9
20080709,19.7
20080710,20.6
20080711,24.5
20080712,27.6
20080713,26.5
20080714,18.2
20080715,17.6
20080716,21.7
20080717,23.1
20080718,18.7
20080719,21.6
20080720,22.5
20080721,19.3
20080722,17.3
20080723,14.9
20080724,18.8
20080725,21.8
20080726,23.9
20080727,26
20080728,25
20080729,25.1
20080730,25.1
20080731,24.6
20080801,24.5
20080802,25.8
20080803,25.3
20080804,25.8
20080805,21.8
20080806,21.7
20080807,22.8
20080808,23.8
20080809,18.6
20080810,19.1
20080811,21.1
20080812,24.1
20080813,25.6
20080814,26.4
20080815,27.4
20080816,17.7
20080817,17.9
20080818,20.8
20080819,22.5
20080820,23
20080821,24.1
20080822,25.5
20080823,21.3
20080824,18.1
20080825,19
20080826,21.1
20080827,22.4
20080828,22.9
20080829,22.5
20080830,19.9
20080831,18.7
20080901,19.1
20080902,20.9
20080903,23
20080904,25.4
20080905,25.9
20080906,27.7
20080907,28.2
20080908,19.6
20080909,20.4
20080910,21.4
20080911,22.2
20080912,20.9
20080913,16.2
20080914,12.4
20080915,9.9
20080916,11
20080917,9.7
20080918,10.9
20080919,10.6
20080920,10.7
20080921,11.8
20080922,12.8
20080923,12.6
20080924,13.9
20080925,12.5
20080926,13.1
20080927,14.1
20080928,14.1
20080929,14.6
20080930,15.4
20081001,16.2
20081002,16.7
20081003,15.9
20081004,10.2
20081005,9.9
20081006,13.2
20081007,15.8
20081008,16
20081009,15.9
20081010,16
20081011,15.5
20081012,15.6
20081013,15.3
20081014,15.6
20081015,17.4
20081016,17.1
20081017,11.7
20081018,10.7
20081019,9.8
20081020,10.9
20081021,12
20081022,13.6
20081023,10.8
20081024,10
20081025,8.6
20081026,10
20081027,10.5
20081028,11.6
20081029,12.7
20081030,14.1
20081031,14.1
20081101,14.3
20081102,14.9
20081103,14.2
20081104,13.1
20081105,15.2
20081106,14.7
20081107,14.7
20081108,12.9
20081109,11.9
20081110,10.2
20081111,7.9
20081112,7.7
20081113,8.5
20081114,10.6
20081115,9
20081116,7.8
20081117,6.7
20081118,4.6
20081119,5.1
20081120,8.9
20081121,6.9
20081122,0.9
20081123,0.4
20081124,0.9
20081125,1.7
20081126,0.9
20081127,4
20081128,1.4
20081129,3.1
20081130,5.4
20081201,8.1
20081202,8.6
20081203,7.7
20081204,6.3
20081205,7.4
20081206,8.3
20081207,5
20081208,3.8
20081209,3.5
20081210,1.3
20081211,4.6
20081212,6.1
20081213,5.6
20081214,5
20081215,6.8
20081216,6.8
20081217,7.3
20081218,7.6
20081219,2.9
20081220,4.1
20081221,5.1
20081222,6.3
20081223,5.2
20081224,1.9
20081225,1.2
20081226,1.4
20081227,0.4
20081228,-2.5
20081229,-4
20081230,-4.1
20081231,-5.7
20090101,-5.8
20090102,-3
20090103,-3.2
20090104,-3.7
20090105,-2.2
20090106,-3.1
20090107,-4.3
20090108,-3.3
20090109,-4.7
20090110,-5.5
20090111,-5.3
20090112,-4.3
20090113,-5.7
20090114,-1.6
20090115,1.3
20090116,1.8
20090117,-0.6
20090118,-2.3
20090119,4
20090120,4.2
20090121,5
20090122,3.9
20090123,3
20090124,4.7
20090125,4.6
20090126,4.1
20090127,3.5
20090128,4.8
20090129,4.4
20090130,3.1
20090131,1.7
20090201,0.6
20090202,3.5
20090203,3.6
20090204,5.7
20090205,5.9
20090206,6.9
20090207,6.8
20090208,8.2
20090209,1.7
20090210,0.9
20090211,2.6
20090212,0.6
20090213,-1.3
20090214,-0.6
20090215,-0.8
20090216,-1.6
20090217,-0.3
20090218,-2.9
20090219,-3
20090220,-1.9
20090221,-0.4
20090222,-1.8
20090223,-1.4
20090224,-0.4
20090225,2.5
20090226,3.5
20090227,4.1
20090228,5.6
20090301,4.7
20090302,5.1
20090303,6.9
20090304,6.9
20090305,8.1
20090306,8.8
20090307,6.4
20090308,5.9
20090309,6.6
20090310,5.6
20090311,4.8
20090312,5.1
20090313,5.3
20090314,5.4
20090315,5.5
20090316,7.5
20090317,6.7
20090318,4.5
20090319,3.5
20090320,3
20090321,4.2
20090322,5
20090323,8.3
20090324,5.3
20090325,1.7
20090326,4
20090327,7.5
20090328,12.4
20090329,11.1
20090330,10.1
20090331,11.9
20090401,13.5
20090402,14.4
20090403,14.9
20090404,16.5
20090405,18.2
20090406,18
20090407,17.7
20090408,17.8
20090409,17.8
20090410,18.4
20090411,18.6
20090412,17.6
20090413,16.4
20090414,14.7
20090415,16.7
20090416,17.1
20090417,14.9
20090418,14.4
20090419,16.7
20090420,18.3
20090421,17.5
20090422,16.5
20090423,13.1
20090424,15.7
20090425,15.3
20090426,14
20090427,15.4
20090428,16.7
20090429,17.3
20090430,18.3
20090501,19.4
20090502,13.5
20090503,17.3
20090504,16.1
20090505,13.4
20090506,13.2
20090507,15.5
20090508,18.7
20090509,19.9
20090510,21.7
20090511,22.5
20090512,18.7
20090513,13.5
20090514,10.4
20090515,17
20090516,19
20090517,21.2
20090518,23.5
20090519,22.4
20090520,21.5
20090521,23.1
20090522,23.8
20090523,19.2
20090524,18.8
20090525,22.5
20090526,23.6
20090527,19.2
20090528,16.2
20090529,11.8
20090530,11
20090531,11.1
20090601,14.9
20090602,15.8
20090603,17.4
20090604,14.8
20090605,16
20090606,21.8
20090607,19.1
20090608,20.5
20090609,23.5
20090610,22.6
20090611,20.4
20090612,16.3
20090613,16.7
20090614,20.4
20090615,23.2
20090616,22.3
20090617,20.1
20090618,22.3
20090619,25.7
20090620,16.5
20090621,13.8
20090622,15.2
20090623,17.8
20090624,19.6
20090625,20.3
20090626,19.5
20090627,20.6
20090628,20.1
20090629,21.4
20090630,23.9
20090701,24.4
20090702,24.3
20090703,23.7
20090704,23.9
20090705,23.6
20090706,23.9
20090707,23.1
20090708,19.6
20090709,19.7
20090710,17
20090711,18.4
20090712,20.2
20090713,22.9
20090714,26.6
20090715,28.2
20090716,27.7
20090717,27.8
20090718,22.8
20090719,18.6
20090720,20.7
20090721,24.5
20090722,27.3
20090723,28.1
20090724,25.5
20090725,20.5
20090726,19.7
20090727,21.7
20090728,23.5
20090729,24.8
20090730,26.3
20090731,25.8
20090801,26.2
20090802,28.8
20090803,26
20090804,24.1
20090805,21.4
20090806,23.2
20090807,24.5
20090808,24.2
20090809,23.2
20090810,23.8
20090811,21
20090812,22.2
20090813,22.5
20090814,19.9
20090815,22
20090816,23.9
20090817,25.9
20090818,25.4
20090819,23.5
20090820,23.8
20090821,24.3
20090822,23.5
20090823,20.1
20090824,19.7
20090825,22.3
20090826,24.5
20090827,25.8
20090828,26.4
20090829,20
20090830,19.2
20090831,19.1
20090901,20.9
20090902,22.2
20090903,25
20090904,20.6
20090905,16
20090906,16.9
20090907,17.6
20090908,18.5
20090909,20.4
20090910,21.4
20090911,22.9
20090912,22.8
20090913,19.1
20090914,18.9
20090915,20.8
20090916,21.7
20090917,18.6
20090918,20
20090919,18.5
20090920,18.2
20090921,18.9
20090922,19.9
20090923,20.4
20090924,20.4
20090925,19
20090926,17.1
20090927,17.2
20090928,18.5
20090929,18.9
20090930,16.8
20091001,17.3
20091002,14.8
20091003,13
20091004,15.1
20091005,15.7
20091006,19.6
20091007,21.6
20091008,20.9
20091009,19
20091010,16.2
20091011,13.8
20091012,10.9
20091013,7.5
20091014,4
20091015,3.2
20091016,4.8
20091017,5.9
20091018,4.3
20091019,6.5
20091020,6.5
20091021,7.8
20091022,12.9
20091023,13.2
20091024,13.4
20091025,12.6
20091026,12.8
20091027,12.4
20091028,11.4
20091029,9.3
20091030,7.4
20091031,4.5
20091101,2.8
20091102,4.1
20091103,3.2
20091104,3.5
20091105,4.3
20091106,6
20091107,7.9
20091108,9.3
20091109,10.7
20091110,8.6
20091111,5.1
20091112,7.4
20091113,8.2
20091114,6.7
20091115,10.7
20091116,8.3
20091117,10.2
20091118,11.7
20091119,12.1
20091120,7.2
20091121,6
20091122,6.5
20091123,6.9
20091124,8.3
20091125,13
20091126,9.1
20091127,8.8
20091128,8.5
20091129,6.6
20091130,8.5
20091201,9.8
20091202,5.6
20091203,4.7
20091204,6.7
20091205,5.2
20091206,6
20091207,5.6
20091208,4.6
20091209,6.2
20091210,6
20091211,4.6
20091212,3.3
20091213,0.2
20091214,-0.9
20091215,-1.3
20091216,-2.3
20091217,-4.8
20091218,-5.5
20091219,-7.6
20091220,-9
20091221,-9.8
20091222,-2.2
20091223,4.3
20091224,4.9
20091225,9.6
20091226,5.3
20091227,2.8
20091228,3.5
20091229,3.2
20091230,1.8
20091231,4.7
