1,0.89,2.9
2,0.87,3.6
3,0.81,2.2
4,0.79,3.9
5,0.9,6
6,0.85,4.2
7,0.84,4.7
8,0.79,5.6
9,0.88,4.6
10,0.91,2.4
11,0.88,3.2
12,0.77,2.4
13,0.78,1.7
14,0.8,0.6
15,0.85,-1.3
16,0.8,-0.4
17,0.79,0.9
18,0.83,4.5
19,0.69,2.4
20,0.72,0.4
21,0.74,2.5
22,0.8,3.1
23,0.86,2
24,0.78,-4
25,0.61,-6.5
26,0.71,-6.8
27,0.76,-5.2
28,0.78,-1.7
29,0.65,7.4
30,0.74,10
31,0.74,8.1
32,0.84,5.4
33,0.89,5.5
34,0.74,5.2
35,0.78,3.3
36,0.65,6.9
37,0.7,6
38,0.67,7.6
39,0.72,11.4
40,0.72,5.6
41,0.67,6.2
42,0.84,4.2
43,0.71,2.8
44,0.77,5.6
45,0.82,7
46,0.8,8.3
47,0.79,4.4
48,0.78,2.1
49,0.8,4.2
50,0.77,6
51,0.85,1.9
52,0.72,1.3
53,0.68,2.1
54,0.67,2.7
55,0.76,3.5
56,0.76,9.5
57,0.85,7.4
58,0.76,9
59,0.61,11
60,0.8,8.1
61,0.81,5.8
62,0.64,4.4
63,0.59,7.5
64,0.61,5.1
65,0.54,1.7
66,0.56,3.9
67,0.61,6.4
68,0.68,9.2
69,0.53,14.1
70,0.74,10.3
71,0.66,11.1
72,0.65,9.3
73,0.69,7.5
74,0.7,10.5
75,0.61,5.4
76,0.73,5.4
77,0.78,8.1
78,0.79,7.4
79,0.79,6.5
80,0.5,6.9
81,0.56,8.2
82,0.54,10.3
83,0.6,11
84,0.65,11.1
85,0.62,10.9
86,0.69,8
87,0.74,6
88,0.78,5.7
89,0.87,3.8
90,0.7,5.7
91,0.61,8.7
92,0.77,7.1
93,0.62,9.2
94,0.6,12.9
95,0.68,11.5
96,0.84,8.6
97,0.84,3.8
98,0.63,5.9
99,0.53,9.1
100,0.55,10.3
101,0.59,10.2
102,0.77,9.6
103,0.64,8.4
104,0.81,8.3
105,0.69,12.5
106,0.67,10
107,0.75,8.6
108,0.76,9.6
109,0.75,9.6
110,0.71,10.1
111,0.63,12.9
112,0.59,16.8
113,0.56,18.4
114,0.7,14.8
115,0.82,10.3
116,0.67,13.5
117,0.57,17.8
118,0.64,16.3
119,0.74,14.9
120,0.77,11.8
121,0.71,15.1
122,0.73,17
123,0.76,17
124,0.75,16.5
125,0.67,17.5
126,0.7,17
127,0.71,16.7
128,0.67,18
129,0.75,16.9
130,0.65,18.8
131,0.64,20
132,0.67,20.5
133,0.8,16.7
134,0.82,16.2
135,0.68,18.4
136,0.58,19.4
137,0.6,20.9
138,0.74,17.3
139,0.68,13.6
140,0.66,12
141,0.58,13
142,0.68,12.8
143,0.64,12.4
144,0.61,14.4
145,0.6,17.4
146,0.69,16.8
147,0.71,18.4
148,0.75,13.4
149,0.68,14.1
150,0.66,12.8
151,0.79,12.4
152,0.78,15.1
153,0.68,17.8
154,0.63,21.7
155,0.64,22.8
156,0.65,23.4
157,0.8,19.6
158,0.84,13.4
159,0.65,15.7
160,0.61,18.4
161,0.6,22.9
162,0.7,22
163,0.84,17.7
164,0.68,18.3
165,0.69,20.6
166,0.72,21.3
167,0.65,20.8
168,0.59,17.9
169,0.61,16.9
170,0.5,19.7
171,0.48,23
172,0.5,25.1
173,0.5,24.6
174,0.75,18.7
175,0.63,17.8
176,0.77,14.1
177,0.69,13.7
178,0.62,14.6
179,0.57,15.5
180,0.68,14.7
181,0.58,17.1
182,0.54,18.8
183,0.65,20.9
184,0.68,23.8
185,0.81,19.9
186,0.71,19.7
187,0.62,19.4
188,0.6,20.9
189,0.75,19.9
190,0.7,15.4
191,0.76,14.6
192,0.73,16.1
193,0.69,14.5
194,0.76,13.2
195,0.79,13.7
196,0.83,13.7
197,0.78,12.6
198,0.81,12.7
199,0.71,14.8
200,0.66,16.7
201,0.66,17
202,0.67,16.9
203,0.64,18.5
204,0.63,19.2
205,0.76,18.8
206,0.8,19.4
207,0.8,19
208,0.72,19.9
209,0.74,19.7
210,0.79,17.2
211,0.86,15.9
212,0.74,17.6
213,0.66,19.2
214,0.66,21.9
215,0.78,19.6
216,0.81,17
217,0.7,17.3
218,0.9,15.5
219,0.75,18.6
220,0.73,19.4
221,0.74,19.4
222,0.7,20.7
223,0.67,21.9
224,0.63,22.8
225,0.62,23.1
226,0.62,22.7
227,0.62,23.5
228,0.68,23.3
229,0.69,22.8
230,0.74,22.1
231,0.85,21.4
232,0.65,24
233,0.64,24.9
234,0.86,18.8
235,0.75,18.1
236,0.74,19.2
237,0.7,21
238,0.68,20.9
239,0.65,21.9
240,0.76,18
241,0.69,17.3
242,0.7,17.4
243,0.82,16.6
244,0.89,16.2
245,0.75,18
246,0.69,15.9
247,0.85,14.3
248,0.78,14
249,0.76,13.6
250,0.78,14.4
251,0.71,15.5
252,0.69,15.2
253,0.72,17.2
254,0.75,18.5
255,0.76,19.3
256,0.75,20.5
257,0.8,18.8
258,0.78,19.1
259,0.73,21.3
260,0.63,17.1
261,0.66,15.4
262,0.74,15.2
263,0.69,17.9
264,0.85,14.7
265,0.77,13.5
266,0.73,14.1
267,0.74,14.5
268,0.75,16
269,0.82,16.2
270,0.77,17.9
271,0.78,17.9
272,0.72,19.1
273,0.73,18.1
274,0.84,14.7
275,0.84,14.6
276,0.78,12.8
277,0.79,13.1
278,0.76,13.9
279,0.81,12.5
280,0.8,10.5
281,0.82,8.3
282,0.83,8
283,0.78,10.4
284,0.66,10.7
285,0.79,11.1
286,0.84,12.1
287,0.89,10.9
288,0.91,11.7
289,0.87,12.9
290,0.79,13.9
291,0.79,11.9
292,0.82,11.7
293,0.85,12.9
294,0.83,12.8
295,0.82,13.1
296,0.84,11.8
297,0.82,12.2
298,0.89,13.4
299,0.82,14.6
300,0.79,12.9
301,0.73,11
302,0.79,10.5
303,0.7,10.4
304,0.58,13.9
305,0.78,9.7
306,0.62,11.3
307,0.65,11.4
308,0.87,9.3
309,0.78,7.8
310,0.74,7.5
311,0.72,8.6
312,0.52,11.1
313,0.49,10.4
314,0.71,8.3
315,0.76,6.6
316,0.77,5.6
317,0.68,7
318,0.82,9.6
319,0.9,7
320,0.86,6.2
321,0.85,5.1
322,0.87,5
323,0.8,4.6
324,0.79,4.4
325,0.78,7.1
326,0.74,6.8
327,0.84,8.5
328,0.84,9
329,0.85,6.5
330,0.82,5.2
331,0.75,7.1
332,0.77,7.1
333,0.86,9.8
334,0.86,8.8
335,0.83,8.3
336,0.87,6
337,0.84,8.2
338,0.76,9.1
339,0.78,8.1
340,0.84,6.8
341,0.87,6.1
342,0.79,8.4
343,0.81,9.7
344,0.83,9.2
345,0.74,9.2
346,0.67,10.1
347,0.74,9
348,0.6,11.7
349,0.66,9.3
350,0.78,5.7
351,0.72,4.3
352,0.73,4.8
353,0.8,3
354,0.78,6.1
355,0.82,4.5
356,0.81,3.3
357,0.8,0.4
358,0.8,0.3
359,0.78,0
360,0.89,3.6
361,0.85,5.9
362,0.83,5.2
363,0.8,2.6
364,0.81,1.1
365,0.77,1
366,0.76,0.6
367,0.68,0.8
368,0.81,6.6
369,0.7,7
370,0.71,6.7
371,0.71,9.3
372,0.86,7.8
373,0.87,4.9
374,0.84,5
375,0.81,1.9
376,0.8,3.6
377,0.82,6
378,0.88,3.9
379,0.69,-0.9
380,0.59,-1.8
381,0.7,-1.8
382,0.79,-1.1
383,0.76,-0.2
384,0.8,1.8
385,0.88,2.1
386,0.87,3.5
387,0.83,1.7
388,0.76,4.5
389,0.81,7.7
390,0.81,7.5
391,0.85,6
392,0.78,5.2
393,0.66,6.2
394,0.72,3.6
395,0.86,1.6
396,0.84,2.5
397,0.74,1.6
398,0.75,0.3
399,0.68,-0.4
400,0.76,5.6
401,0.76,10.1
402,0.55,11
403,0.62,11.2
404,0.69,9.4
405,0.72,8
406,0.65,6.6
407,0.76,3.4
408,0.64,6.1
409,0.64,7.4
410,0.84,8.3
411,0.76,4.1
412,0.76,4.1
413,0.78,4.8
414,0.8,3.5
415,0.81,3.7
416,0.78,2.4
417,0.75,3.2
418,0.68,3.8
419,0.76,6.5
420,0.78,5.3
421,0.79,0.7
422,0.8,-0.7
423,0.7,-0.7
424,0.55,1.4
425,0.64,2.4
426,0.82,2.5
427,0.8,3.2
428,0.91,1.5
429,0.84,5.9
430,0.75,5.9
431,0.78,3.5
432,0.85,6.8
433,0.89,9.1
434,0.73,10
435,0.8,9.7
436,0.83,11.8
437,0.86,10.7
438,0.67,7.7
439,0.79,6.9
440,0.81,10.5
441,0.74,12.2
442,0.84,10.1
443,0.62,11
444,0.72,6.1
445,0.87,5.5
446,0.75,11.6
447,0.71,12.1
448,0.71,15.1
449,0.74,14.4
450,0.73,11.4
451,0.79,6.8
452,0.78,6.6
453,0.71,9.5
454,0.69,8.6
455,0.73,7.9
456,0.64,8.6
457,0.56,12
458,0.57,14.1
459,0.73,11
460,0.73,10.4
461,0.62,8.4
462,0.71,11.7
463,0.75,7.8
464,0.81,7.9
465,0.85,7.6
466,0.83,8.6
467,0.77,8.1
468,0.66,8.8
469,0.56,4.7
470,0.59,2.7
471,0.74,4.9
472,0.88,6.3
473,0.79,6.6
474,0.7,7
475,0.77,4.9
476,0.75,3.8
477,0.9,2.7
478,0.82,5.2
479,0.69,7
480,0.66,12
481,0.84,9.5
482,0.66,10.1
483,0.65,11.7
484,0.66,13.7
485,0.85,13.2
486,0.88,13.6
487,0.69,13
488,0.68,15.6
489,0.74,15.4
490,0.79,14
491,0.97,10.2
492,0.96,8.1
493,0.94,8.7
494,0.88,11
495,0.76,15
496,0.78,16.2
497,0.64,16.7
498,0.59,17.3
499,0.61,17.9
500,0.82,15.7
501,0.94,13.5
502,0.9,14.7
503,0.94,13.4
504,0.78,10.9
505,0.71,12.2
506,0.72,14.4
507,0.69,16.6
508,0.7,16.1
509,0.67,17.6
510,0.76,18.5
511,0.75,19
512,0.64,19.8
513,0.62,20.5
514,0.66,21.8
515,0.64,22.8
516,0.65,22.7
517,0.67,18.9
518,0.54,15.2
519,0.74,12.6
520,0.81,9.5
521,0.66,11
522,0.64,15.1
523,0.81,14.8
524,0.71,16.3
525,0.91,13.7
526,0.98,11.5
527,0.88,13.4
528,0.66,12.3
529,0.61,13.9
530,0.62,16.1
531,0.7,16.7
532,0.76,17.3
533,0.87,16.2
534,0.72,15.3
535,0.8,13.3
536,0.76,14.6
537,0.67,15.6
538,0.59,19.2
539,0.6,18.8
540,0.6,17.2
541,0.56,19.9
542,0.6,21.5
543,0.56,22.9
544,0.69,21.5
545,0.85,18.4
546,0.71,19.9
547,0.71,21
548,0.66,20
549,0.67,19.9
550,0.6,20.6
551,0.54,22.4
552,0.61,23.3
553,0.66,23.6
554,0.82,17.6
555,0.73,19
556,0.7,19.1
557,0.62,20.1
558,0.63,18.7
559,0.68,17.2
560,0.82,17.9
561,0.88,19.2
562,0.97,13.3
563,0.82,14.1
564,0.75,17.1
565,0.67,17.8
566,0.64,17.3
567,0.79,14.6
568,0.68,17.8
569,0.64,20.6
570,0.69,20.7
571,0.8,20.6
572,0.77,21.8
573,0.69,22.6
574,0.68,23.6
575,0.79,21.9
576,0.76,22.6
577,0.66,23.2
578,0.61,23.7
579,0.69,23.1
580,0.68,24.2
581,0.83,20
582,0.79,18.2
583,0.66,17.6
584,0.82,17
585,0.72,20.8
586,0.72,19.8
587,0.7,18.7
588,0.63,16.6
589,0.66,15.6
590,0.64,17.1
591,0.61,19.9
592,0.59,22.4
593,0.58,24.9
594,0.66,21.8
595,0.82,20.1
596,0.72,22.4
597,0.76,20.6
598,0.85,19.2
599,0.77,19.8
600,0.74,20.5
601,0.75,21.5
602,0.71,22.9
603,0.68,23.5
604,0.62,23.8
605,0.66,22.8
606,0.69,18.7
607,0.63,18.4
608,0.84,17.2
609,0.84,15.5
610,0.81,14.4
611,0.73,15.3
612,0.7,16.6
613,0.78,14.3
614,0.78,12.4
615,0.85,10.7
616,0.81,15
617,0.75,15.2
618,0.74,9.8
619,0.73,10.4
620,0.69,11.5
621,0.87,12.4
622,0.78,14.2
623,0.81,11.9
624,0.74,12.1
625,0.81,11.3
626,0.89,8.9
627,0.81,8.6
628,0.76,10.9
629,0.78,14
630,0.89,13
631,0.9,11.5
632,0.95,9.1
633,0.88,12.2
634,0.88,10.8
635,0.8,12.3
636,0.8,12.9
637,0.81,13.9
638,0.87,13.7
639,0.85,15.2
640,0.84,16.6
641,0.75,20.1
642,0.87,15.8
643,0.83,13.8
644,0.86,13
645,0.85,17.1
646,0.92,15.4
647,0.88,12.2
648,0.83,13.5
649,0.83,13.8
650,0.86,13
651,0.88,13.8
652,0.82,15
653,0.83,16
654,0.78,16.4
655,0.82,15.6
656,0.84,14.7
657,0.86,14
658,0.83,14.8
659,0.87,13
660,0.8,13.5
661,0.75,13.2
662,0.87,11.6
663,0.86,12.1
664,0.89,11.9
665,0.86,11.1
666,0.87,12
667,0.84,13.4
668,0.86,13.3
669,0.84,13.4
670,0.82,11.8
671,0.85,6.9
672,0.85,5.5
673,0.82,6.2
674,0.88,7
675,0.89,7.4
676,0.76,7.3
677,0.8,10.4
678,0.74,8.6
679,0.81,2.8
680,0.78,1.6
681,0.92,-1.7
682,0.83,0.1
683,0.94,2.4
684,0.84,1.5
685,0.81,0.3
686,0.86,-0.5
687,0.79,1.8
688,0.92,-0.2
689,0.92,0.5
690,0.84,3.1
691,0.84,1.4
692,0.84,2.7
693,0.87,1.1
694,0.88,2.2
695,0.95,4.5
696,0.89,7.8
697,0.9,5.7
698,0.87,3.6
699,0.88,3.9
700,0.97,8.1
701,0.92,10.2
702,0.89,9.5
703,0.88,9
704,0.76,9.8
705,0.84,8.7
706,0.78,8.1
707,0.93,2.3
708,0.86,0.9
709,0.88,-2
710,0.79,-2
711,0.79,-0.9
712,0.89,0.7
713,0.74,-0.3
714,0.46,-8
715,0.68,-7.6
716,0.67,-4.5
717,0.8,-3.7
718,0.86,-3
719,0.76,-2.1
720,0.86,-2.3
721,0.68,-2.3
722,0.81,0.7
723,0.76,-3
724,0.73,-7.6
725,0.68,3.7
726,0.81,0.7
727,0.72,-0.3
728,0.71,6.8
729,0.73,8.6
730,0.78,-0.2
731,0.81,-2.1
732,0.76,-4.7
733,0.75,-3.7
734,0.84,-5.3
735,0.79,-5
736,0.83,-5.8
737,0.87,-5.4
738,0.92,-4.4
739,0.94,-3.7
740,0.88,-4
741,0.87,-3.5
742,0.83,-2.3
743,0.86,0.6
744,0.9,-0.4
745,0.87,-0.6
746,0.85,-2
747,0.88,-0.6
748,0.91,1.1
749,0.76,1.9
750,0.83,2.5
751,0.74,6.6
752,0.82,6.1
753,0.79,3.8
754,0.83,4.1
755,0.74,8.8
756,0.75,7.4
757,0.56,10.7
758,0.65,10.8
759,0.67,12.4
760,0.82,7.4
761,0.75,6.9
762,0.78,7.2
763,0.8,8.9
764,0.67,9.4
765,0.65,8.9
766,0.63,9.3
767,0.66,12.1
768,0.9,6.5
769,0.78,5.5
770,0.91,4.7
771,0.79,9.7
772,0.72,7.3
773,0.6,10.6
774,0.57,13
775,0.6,12.6
776,0.88,6.3
777,0.75,2.5
778,0.78,1.4
779,0.8,2.5
780,0.81,3.7
781,0.7,4.5
782,0.76,6.7
783,0.8,1.2
784,0.78,0.6
785,0.74,6.4
786,0.67,3.7
787,0.7,8.3
788,0.58,11.9
789,0.82,7.5
790,0.63,7.1
791,0.78,6.8
792,0.92,3.4
793,0.85,3.1
794,0.8,3.1
795,0.78,3.7
796,0.75,4.8
797,0.71,9.6
798,0.74,9.4
799,0.71,8.3
800,0.64,8.7
801,0.54,11
802,0.48,12.6
803,0.52,13.8
804,0.86,6.5
805,0.84,8.1
806,0.71,10.2
807,0.67,11.5
808,0.59,12.6
809,0.72,14.6
810,0.69,14.5
811,0.68,13.8
812,0.77,9.7
813,0.67,5.1
814,0.62,4.8
815,0.6,2.6
816,0.64,3
817,0.62,3.4
818,0.5,6
819,0.48,9.9
820,0.66,6.6
821,0.57,9.7
822,0.5,11.2
823,0.46,12.6
824,0.48,12.8
825,0.52,11.1
826,0.47,10.1
827,0.38,8.2
828,0.48,5.8
829,0.59,7.8
830,0.49,6.6
831,0.49,7.3
832,0.58,10.3
833,0.71,9.5
834,0.96,7.6
835,0.92,5.3
836,0.79,5.7
837,0.81,4.9
838,0.74,8.6
839,0.66,10
840,0.74,8.8
841,0.8,7
842,0.78,9.2
843,0.68,12.2
844,0.62,14
845,0.8,13.1
846,0.65,16.6
847,0.77,12.7
848,0.62,9.6
849,0.55,11.7
850,0.57,11.8
851,0.56,14
852,0.84,10.5
853,0.92,8.9
854,0.96,6.9
855,0.94,7
856,0.79,7.3
857,0.8,7.9
858,0.83,11.4
859,0.89,12.5
860,0.78,16
861,0.67,15.2
862,0.77,14
863,0.79,13.4
864,0.76,15.1
865,0.62,15.3
866,0.57,16.1
867,0.56,19
868,0.55,21.8
869,0.77,15.1
870,0.81,13.7
871,0.66,16
872,0.57,19.1
873,0.65,18.2
874,0.89,11.3
875,0.76,14.3
876,0.85,11.2
877,0.78,11.9
878,0.86,10.7
879,0.73,12.4
880,0.72,12.7
881,0.65,14.4
882,0.6,16.9
883,0.63,17.7
884,0.59,19
885,0.72,17.4
886,0.81,19.8
887,0.92,15.3
888,0.85,15.9
889,0.78,14.4
890,0.75,15.5
891,0.9,15.2
892,0.75,13.1
893,0.71,14.5
894,0.67,17.7
895,0.65,20.9
896,0.64,22.9
897,0.64,23.9
898,0.74,23.3
899,0.61,25.8
900,0.56,26.8
901,0.65,25.1
902,0.8,23.3
903,0.76,23
904,0.74,24.2
905,0.69,24.6
906,0.89,18.9
907,0.66,19.1
908,0.63,20.1
909,0.66,19.8
910,0.59,16
911,0.6,15.6
912,0.58,16.5
913,0.55,19.7
914,0.74,16.6
915,0.68,17.8
916,0.73,14.7
917,0.65,17.2
918,0.82,16.1
919,0.71,19.4
920,0.67,21.9
921,0.77,21.5
922,0.85,15.9
923,0.7,17.2
924,0.64,19.6
925,0.8,17.6
926,0.85,17.4
927,0.9,17.8
928,0.95,16.1
929,0.94,16.2
930,0.76,17.9
931,0.72,17.7
932,0.68,19.8
933,0.7,20.2
934,0.63,18.4
935,0.64,19.1
936,0.68,19
937,0.66,18.4
938,0.71,18
939,0.69,20.8
940,0.67,22.1
941,0.67,23.4
942,0.69,23.5
943,0.82,19.8
944,0.86,16.6
945,0.69,18.4
946,0.86,18.4
947,0.92,17.2
948,0.78,17.8
949,0.88,16.6
950,0.83,16.9
951,0.76,17.5
952,0.88,15.8
953,0.94,13.5
954,0.9,14.2
955,0.77,16.4
956,0.72,18.1
957,0.7,18
958,0.72,19.6
959,0.7,20.9
960,0.73,21.5
961,0.67,22
962,0.64,23
963,0.84,19.5
964,0.71,18.5
965,0.73,17.2
966,0.76,19.5
967,0.78,19.9
968,0.82,19.5
969,0.82,18.3
970,0.84,18
971,0.78,19.4
972,0.82,20.1
973,0.83,20.3
974,0.86,19.1
975,0.89,15.5
976,0.79,16.2
977,0.92,14.6
978,0.84,17.7
979,0.8,17.4
980,0.78,17.9
981,0.83,16.6
982,0.75,18.8
983,0.84,17.1
984,0.89,14.4
985,0.92,12.9
986,0.78,15.2
987,0.69,13.1
988,0.73,12.9
989,0.76,14.2
990,0.75,12.2
991,0.76,13
992,0.76,16
993,0.92,17
994,0.84,18
995,0.82,14.3
996,0.74,13.1
997,0.93,9.2
998,0.94,6.3
999,0.91,6.4
1000,0.89,8.9
1001,0.84,10.8
1002,0.83,9.9
1003,0.73,8.7
1004,0.75,10.7
1005,0.77,11.6
1006,0.82,12.2
1007,0.79,13.9
1008,0.92,13.6
1009,0.8,11.7
1010,0.91,11
1011,0.87,9
1012,0.83,9.1
1013,0.84,8.5
1014,0.88,7.6
1015,0.9,9.4
1016,0.87,9.8
1017,0.77,10.4
1018,0.93,10.6
1019,0.93,12.1
1020,0.84,15.9
1021,0.85,10.8
1022,0.76,7.4
1023,0.82,6.6
1024,0.82,6.8
1025,0.88,9.7
1026,0.74,13.7
1027,0.75,10.7
1028,0.78,8.7
1029,0.79,13
1030,0.57,13.1
1031,0.63,14.1
1032,0.68,9.2
1033,0.72,7.4
1034,0.73,10.5
1035,0.82,11.4
1036,0.85,12.7
1037,0.92,12.1
1038,0.84,13
1039,0.83,9.2
1040,0.88,7.9
1041,0.85,5.8
1042,0.86,5
1043,0.73,5.6
1044,0.8,9.4
1045,0.93,5.9
1046,0.82,10.5
1047,0.84,6.6
1048,0.85,7.8
1049,0.88,6.8
1050,0.9,8.5
1051,0.94,8.8
1052,0.87,9
1053,0.92,6.4
1054,0.95,7
1055,0.84,6.5
1056,0.83,6.7
1057,0.84,6.8
1058,0.8,6.8
1059,0.96,7.4
1060,0.94,7
1061,0.95,7.8
1062,0.88,8.6
1063,0.89,7.9
1064,0.86,8.4
1065,0.9,6.5
1066,0.88,4.8
1067,0.83,6.2
1068,0.92,5
1069,0.9,4.8
1070,0.9,4.3
1071,0.89,3.8
1072,0.92,2.3
1073,0.79,2.3
1074,0.78,-0.4
1075,0.79,-0.9
1076,0.83,-1.9
1077,0.84,-0.5
1078,0.9,1.8
1079,0.88,1.3
1080,0.88,4.4
1081,0.85,7.1
1082,0.89,6.3
1083,0.88,2.8
1084,0.76,1.6
1085,0.85,2.6
1086,0.96,6.8
1087,0.9,9
1088,0.93,10.6
1089,0.9,9.3
1090,0.9,8.3
1091,0.87,7.5
1092,0.82,8.2
1093,0.9,7.3
1094,0.79,7.8
1095,0.65,12.5
1096,0.77,9.3
1097,0.77,8.3
1098,0.65,14.1
1099,0.64,9.2
1100,0.85,5.3
1101,0.81,-2.1
1102,0.87,-3.6
1103,0.86,-4.3
1104,0.73,-4.8
1105,0.75,-5.6
1106,0.77,-7.4
1107,0.69,-5
1108,0.7,-8
1109,0.77,-5.9
1110,0.92,2
1111,0.89,1.5
1112,0.88,2.7
1113,0.82,2.5
1114,0.82,2.6
1115,0.88,1.4
1116,0.85,3.9
1117,0.91,3.3
1118,0.72,6.8
1119,0.83,4.8
1120,0.84,2.4
1121,0.82,1.1
1122,0.86,2.3
1123,0.94,4.4
1124,0.73,6.5
1125,0.8,2.1
1126,0.8,0.5
1127,0.79,-4.6
1128,0.72,-5.8
1129,0.83,-0.8
1130,0.8,4.9
1131,0.88,0.4
1132,0.79,0.1
1133,0.78,0.2
1134,0.78,-1.6
1135,0.79,1.5
1136,0.83,1.3
1137,0.83,-0.1
1138,0.72,0.3
1139,0.72,-2.8
1140,0.66,-3
1141,0.69,-4
1142,0.63,-2.5
1143,0.63,-2.6
1144,0.59,-2.4
1145,0.65,-3.8
1146,0.61,-2.7
1147,0.69,-2
1148,0.69,-0.1
1149,0.74,-0.2
1150,0.76,0.7
1151,0.63,3.7
1152,0.58,3.8
1153,0.55,6.7
1154,0.56,5.4
1155,0.59,8.4
1156,0.66,9.5
1157,0.82,7.3
1158,0.78,5.3
1159,0.75,5.4
1160,0.64,10.3
1161,0.8,6.9
1162,0.69,6.3
1163,0.67,6.8
1164,0.59,8.8
1165,0.53,10.8
1166,0.44,14.2
1167,0.67,10.3
1168,0.72,7
1169,0.48,5
1170,0.56,3.7
1171,0.52,4.6
1172,0.53,5.7
1173,0.65,5.9
1174,0.58,6.5
1175,0.53,8
1176,0.63,4.8
1177,0.54,6.6
1178,0.42,8.7
1179,0.5,10.9
1180,0.49,11.9
1181,0.46,11.6
1182,0.47,12.7
1183,0.54,14.6
1184,0.61,14.4
1185,0.74,13.9
1186,0.68,11.6
1187,0.52,10.6
1188,0.72,6.6
1189,0.66,4.9
1190,0.65,4.6
1191,0.59,6.6
1192,0.47,6
1193,0.44,2.2
1194,0.4,2.6
1195,0.57,4.3
1196,0.85,0.8
1197,0.69,4.9
1198,0.8,7.2
1199,0.6,10.8
1200,0.46,13.9
1201,0.48,13.9
1202,0.46,15.5
1203,0.48,14
1204,0.42,12.8
1205,0.55,8.2
1206,0.63,11.8
1207,0.67,13.2
1208,0.72,14.1
1209,0.7,13.5
1210,0.56,15.2
1211,0.54,16.5
1212,0.8,13
1213,0.6,13.9
1214,0.49,17.9
1215,0.7,16.3
1216,0.82,14.1
1217,0.65,13.1
1218,0.74,11.9
1219,0.59,13.4
1220,0.52,16.7
1221,0.6,18.7
1222,0.64,18.3
1223,0.74,17.4
1224,0.76,18.1
1225,0.8,16.4
1226,0.77,15.1
1227,0.76,16.2
1228,0.73,15.9
1229,0.73,11.4
1230,0.69,9.5
1231,0.61,10.1
1232,0.59,12.5
1233,0.73,14.1
1234,0.83,15.5
1235,0.76,17.1
1236,0.73,12
1237,0.73,11.1
1238,0.91,11.7
1239,0.74,18.6
1240,0.67,19.2
1241,0.82,12.5
1242,0.88,12.9
1243,0.91,15.3
1244,0.87,16.8
1245,0.82,19.2
1246,0.68,21
1247,0.68,21.6
1248,0.64,22.7
1249,0.75,19.8
1250,0.72,21.7
1251,0.67,23.7
1252,0.64,22.9
1253,0.78,21.8
1254,0.73,22.6
1255,0.66,23.5
1256,0.66,22.1
1257,0.61,24.7
1258,0.6,25.8
1259,0.62,24.5
1260,0.64,25
1261,0.71,24.2
1262,0.7,24
1263,0.65,23.4
1264,0.58,23.6
1265,0.6,20.5
1266,0.58,21.2
1267,0.61,23.5
1268,0.55,20
1269,0.45,24.5
1270,0.44,27.7
1271,0.59,25.7
1272,0.61,23.6
1273,0.65,21.6
1274,0.65,22.6
1275,0.64,22
1276,0.58,23.8
1277,0.56,25.8
1278,0.87,15
1279,0.58,18.7
1280,0.72,17.6
1281,0.77,14.7
1282,0.67,17.3
1283,0.65,18.6
1284,0.62,20.8
1285,0.59,21.5
1286,0.58,21.7
1287,0.6,22
1288,0.53,23.3
1289,0.57,23.3
1290,0.52,22.4
1291,0.46,23.7
1292,0.44,27.2
1293,0.7,23.7
1294,0.58,20.6
1295,0.54,21.9
1296,0.52,24.1
1297,0.45,27.3
1298,0.67,23.7
1299,0.61,23.5
1300,0.66,24
1301,0.8,18.3
1302,0.63,21.4
1303,0.58,24.1
1304,0.85,20.2
1305,0.63,19.5
1306,0.56,20.5
1307,0.62,20.4
1308,0.86,18.2
1309,0.71,21.7
1310,0.64,23.9
1311,0.57,26.6
1312,0.55,27.5
1313,0.52,28.6
1314,0.52,28.2
1315,0.48,28.5
1316,0.42,27.6
1317,0.45,28.5
1318,0.42,28.6
1319,0.43,26.7
1320,0.4,28.1
1321,0.39,29
1322,0.63,23.7
1323,0.71,21
1324,0.63,23.6
1325,0.71,24.1
1326,0.7,21.9
1327,0.59,22.4
1328,0.74,20
1329,0.68,22.5
1330,0.55,22.3
1331,0.55,21.6
1332,0.57,22.1
1333,0.53,21.6
1334,0.49,22.3
1335,0.49,22.1
1336,0.64,21
1337,0.72,19.6
1338,0.83,17.3
1339,0.72,14.8
1340,0.69,13.7
1341,0.65,13.5
1342,0.61,13.9
1343,0.57,15
1344,0.66,15.2
1345,0.83,17.4
1346,0.83,17.9
1347,0.8,15.8
1348,0.82,15
1349,0.71,15.8
1350,0.71,15.2
1351,0.68,15.2
1352,0.73,15.3
1353,0.67,13.3
1354,0.7,14.9
1355,0.65,14.9
1356,0.63,16.7
1357,0.65,18
1358,0.6,18.8
1359,0.58,19.1
1360,0.58,18.7
1361,0.57,19.1
1362,0.74,14.6
1363,0.76,10.8
1364,0.68,11.8
1365,0.69,16.5
1366,0.74,14.4
1367,0.91,14.4
1368,0.73,12.1
1369,0.7,11.3
1370,0.9,12.4
1371,0.82,17.3
1372,0.86,16.8
1373,0.89,12.8
1374,0.88,7.2
1375,0.69,9.3
1376,0.81,8
1377,0.67,9.3
1378,0.83,14
1379,0.8,12.9
1380,0.8,11.7
1381,0.86,10.9
1382,0.82,9.9
1383,0.75,9
1384,0.61,8.3
1385,0.71,6.4
1386,0.71,4.7
1387,0.75,4.5
1388,0.82,5.5
1389,0.94,7.5
1390,0.87,5.6
1391,0.8,4.7
1392,0.92,2
1393,0.94,-0.3
1394,0.83,0.6
1395,0.78,2.1
1396,0.83,1.7
1397,0.76,3.9
1398,0.87,6.1
1399,0.78,6
1400,0.83,8.2
1401,0.87,9
1402,0.8,8.6
1403,0.76,10.5
1404,0.82,8.4
1405,0.82,6.1
1406,0.88,5.2
1407,0.74,6.2
1408,0.91,1.6
1409,0.75,6.5
1410,0.79,6.6
1411,0.88,5.1
1412,0.88,5.3
1413,0.85,7.7
1414,0.87,5.8
1415,0.8,7.7
1416,0.81,9
1417,0.82,5.5
1418,0.74,7.1
1419,0.9,6.6
1420,0.88,7
1421,0.88,5.8
1422,0.81,7.5
1423,0.8,8.5
1424,0.83,7.8
1425,0.86,8.6
1426,0.88,7.2
1427,0.9,5.6
1428,0.91,4.6
1429,0.85,4.2
1430,0.84,6
1431,0.81,7.5
1432,0.94,5.4
1433,0.96,4.3
1434,0.87,4.6
1435,0.96,2.6
1436,0.93,2.3
1437,0.61,1.2
1438,0.77,-0.5
1439,0.84,-0.7
1440,0.84,-1.2
1441,0.77,0.7
1442,0.9,5.1
1443,0.8,8.1
1444,0.75,7.9
1445,0.8,3.5
1446,0.79,1.8
1447,0.76,1
1448,0.78,1
1449,0.85,2
1450,0.77,5.2
1451,0.72,6.5
1452,0.8,1.5
1453,0.76,-1
1454,0.56,-2.1
1455,0.65,-2
1456,0.73,-0.2
1457,0.81,2.4
1458,0.76,4.4
1459,0.73,2.1
1460,0.88,-0.8
1461,0.93,0.1
1462,0.9,-0.2
1463,0.94,-0.7
1464,0.87,-4.2
1465,0.8,-4.4
1466,0.82,-0.5
1467,0.86,0.5
1468,0.83,2.8
1469,0.89,1.4
1470,0.81,7.2
1471,0.84,6.3
1472,0.83,8.5
1473,0.77,9
1474,0.78,10.6
1475,0.72,6.6
1476,0.71,3.3
1477,0.75,4.7
1478,0.86,4.7
1479,0.87,2.8
1480,0.85,-0.2
1481,0.92,4.4
1482,0.83,0.8
1483,0.69,0
1484,0.63,0.8
1485,0.77,-0.4
1486,0.84,2.1
1487,0.86,0
1488,0.91,0.7
1489,0.8,0.1
1490,0.7,-0.3
1491,0.68,-1.4
1492,0.62,3.3
1493,0.56,9.9
1494,0.64,8.9
1495,0.69,6.9
1496,0.7,5.9
1497,0.64,7.1
1498,0.62,8.6
1499,0.62,8.5
1500,0.74,4.1
1501,0.68,2.5
1502,0.72,1
1503,0.84,2.4
1504,0.87,3.3
1505,0.82,3
1506,0.79,3.7
1507,0.79,5
1508,0.83,3.9
1509,0.78,3.4
1510,0.82,1.5
1511,0.67,1.6
1512,0.67,1.8
1513,0.77,1.5
1514,0.9,3.9
1515,0.87,-0.7
1516,0.78,-1.4
1517,0.67,-1.9
1518,0.74,-0.3
1519,0.63,-1.6
1520,0.62,-1.8
1521,0.69,-0.9
1522,0.67,-1.2
1523,0.71,-1.7
1524,0.62,3
1525,0.6,1.8
1526,0.74,3
1527,0.83,4.2
1528,0.73,3.6
1529,0.84,2.1
1530,0.67,1.7
1531,0.81,-0.4
1532,0.81,0.1
1533,0.76,3.5
1534,0.88,6.2
1535,0.82,8
1536,0.69,9.5
1537,0.62,11.4
1538,0.54,13.8
1539,0.51,14.3
1540,0.58,12.4
1541,0.64,14
1542,0.62,11.2
1543,0.7,6.7
1544,0.8,5.1
1545,0.82,4.7
1546,0.87,2.5
1547,0.63,2.1
1548,0.62,1.7
1549,0.59,5.1
1550,0.56,7.4
1551,0.56,9.3
1552,0.55,12.2
1553,0.55,12.9
1554,0.61,13.1
1555,0.66,11.9
1556,0.72,9.9
1557,0.65,9.7
1558,0.8,5.4
1559,0.8,4.7
1560,0.76,6.7
1561,0.74,6
1562,0.74,6.2
1563,0.79,6.8
1564,0.64,7.4
1565,0.66,7.2
1566,0.62,8
1567,0.6,10.7
1568,0.55,12.6
1569,0.66,11
1570,0.66,12
1571,0.6,8
1572,0.68,9.4
1573,0.57,15.7
1574,0.55,16.1
1575,0.81,13
1576,0.63,12.4
1577,0.55,10.5
1578,0.52,12.7
1579,0.65,14.4
1580,0.64,14.7
1581,0.68,14.8
1582,0.77,13.7
1583,0.72,12.3
1584,0.66,13.5
1585,0.68,13.9
1586,0.72,13.6
1587,0.81,8.5
1588,0.86,7.5
1589,0.68,9.1
1590,0.67,8.8
1591,0.78,7.3
1592,0.72,11.7
1593,0.66,13.6
1594,0.77,12.6
1595,0.75,10
1596,0.68,12.5
1597,0.62,13.7
1598,0.62,14.7
1599,0.55,16.5
1600,0.53,18.4
1601,0.55,19.2
1602,0.55,19.7
1603,0.82,13.9
1604,0.87,8.6
1605,0.63,9.4
1606,0.57,11.4
1607,0.53,13.6
1608,0.52,16.2
1609,0.81,13
1610,0.6,13.9
1611,0.52,15.4
1612,0.52,16.7
1613,0.74,16
1614,0.9,13.8
1615,0.86,14.7
1616,0.92,13
1617,0.83,15.1
1618,0.84,15
1619,0.7,16.1
1620,0.61,18.8
1621,0.6,21.3
1622,0.58,23.5
1623,0.59,24.3
1624,0.89,18
1625,0.68,17.2
1626,0.74,14.8
1627,0.69,16.4
1628,0.74,16
1629,0.7,16.9
1630,0.62,17.8
1631,0.61,18.8
1632,0.68,15.4
1633,0.68,14.5
1634,0.63,15.5
1635,0.82,16
1636,0.69,19.4
1637,0.56,17.9
1638,0.59,17.5
1639,0.57,17.7
1640,0.61,21.4
1641,0.55,21.6
1642,0.5,19.2
1643,0.54,20.5
1644,0.61,19.2
1645,0.63,17.2
1646,0.59,17.5
1647,0.53,19.5
1648,0.75,18.4
1649,0.75,18.1
1650,0.76,19.8
1651,0.84,16.5
1652,0.59,16.6
1653,0.72,13.8
1654,0.74,14.4
1655,0.72,14.3
1656,0.8,15
1657,0.66,16.2
1658,0.66,20.2
1659,0.67,22.1
1660,0.64,24.2
1661,0.64,22.2
1662,0.66,22.7
1663,0.8,20.3
1664,0.72,23.1
1665,0.7,23.9
1666,0.69,24.6
1667,0.8,20.7
1668,0.63,20.5
1669,0.7,16.9
1670,0.7,17.5
1671,0.6,18.3
1672,0.52,21.2
1673,0.54,22.9
1674,0.55,23.5
1675,0.56,24.5
1676,0.58,24.3
1677,0.61,23.6
1678,0.74,22.2
1679,0.67,23.3
1680,0.76,22.3
1681,0.78,22.1
1682,0.63,23.7
1683,0.63,23.6
1684,0.76,21.9
1685,0.77,22.6
1686,0.8,20.8
1687,0.72,18.3
1688,0.71,17.6
1689,0.68,19.3
1690,0.82,17.5
1691,0.9,18.1
1692,0.67,22
1693,0.91,17.9
1694,0.7,19.2
1695,0.67,16
1696,0.76,16.6
1697,0.67,19.7
1698,0.8,18
1699,0.62,17.8
1700,0.82,15
1701,0.71,18.1
1702,0.71,17.6
1703,0.86,17.2
1704,0.82,16.9
1705,0.67,15.6
1706,0.73,15.2
1707,0.69,18.4
1708,0.73,21.5
1709,0.8,21.8
1710,0.7,20.3
1711,0.68,19.1
1712,0.73,19.5
1713,0.74,18.4
1714,0.59,18.1
1715,0.59,19.8
1716,0.68,22.1
1717,0.76,16.8
1718,0.69,17.3
1719,0.88,17.4
1720,0.73,15.1
1721,0.78,13.7
1722,0.76,13
1723,0.74,15.9
1724,0.86,14.2
1725,0.71,15.8
1726,0.66,13.9
1727,0.58,13.4
1728,0.72,15.9
1729,0.86,10.1
1730,0.88,10.5
1731,0.83,10.6
1732,0.82,12.1
1733,0.82,15
1734,0.82,15.5
1735,0.8,16.2
1736,0.77,16.2
1737,0.79,14.9
1738,0.74,15
1739,0.73,17.1
1740,0.7,18.2
1741,0.85,15.9
1742,0.9,12.7
1743,0.9,14.4
1744,0.94,10.6
1745,0.94,10.8
1746,0.8,10.3
1747,0.8,11.2
1748,0.84,11.2
1749,0.88,11.7
1750,0.87,8.9
1751,0.86,7
1752,0.8,7.7
1753,0.75,10.8
1754,0.93,9.8
1755,0.89,12.9
1756,0.77,15
1757,0.82,13.3
1758,0.84,14.8
1759,0.8,14.3
1760,0.9,12.9
1761,0.94,9.2
1762,0.88,9.5
1763,0.92,10.6
1764,0.91,11.6
1765,0.81,10.7
1766,0.9,8.7
1767,0.9,10.1
1768,0.92,9.6
1769,0.86,11.6
1770,0.88,11.6
1771,0.81,11
1772,0.8,6.9
1773,0.83,6.4
1774,0.85,3.9
1775,0.85,2.2
1776,0.85,2
1777,0.88,3
1778,0.79,4
1779,0.82,3.7
1780,0.73,2.2
1781,0.82,-0.7
1782,0.79,2.1
1783,0.8,4.7
1784,0.67,8.8
1785,0.7,5
1786,0.83,1.2
1787,0.82,1.9
1788,0.77,9
1789,0.85,9.2
1790,0.94,3.5
1791,0.86,3
1792,0.88,3.4
1793,0.87,6
1794,0.93,3.9
1795,0.97,5.5
1796,0.95,3.1
1797,0.95,1.5
1798,0.91,3
1799,0.93,4.7
1800,0.96,4.5
1801,0.98,2.8
1802,0.93,0.9
1803,0.94,0.2
1804,0.84,0.8
1805,0.82,1.2
1806,0.88,1.1
1807,0.88,0.2
1808,0.87,-0.1
1809,0.89,-1.1
1810,0.88,-0.8
1811,0.88,-1.4
1812,0.87,0
1813,0.72,6.6
1814,0.67,3.1
1815,0.93,0.8
1816,0.86,-4.1
1817,0.88,-3.3
1818,0.8,-5.2
1819,0.88,3.2
1820,0.72,8.3
1821,0.85,5.3
1822,0.96,1.2
1823,0.91,0.8
1824,0.88,0.3
1825,0.88,1.6
1826,0.85,0.5
1827,0.92,0.2
1828,0.94,3.8
1829,0.86,5.7
1830,0.78,3.7
1831,0.8,1.8
1832,0.8,3.7
1833,0.78,8.4
1834,0.81,5.7
1835,0.7,6.1
1836,0.83,8.6
1837,0.86,5.4
1838,0.79,4.6
1839,0.84,5.1
1840,0.77,4.8
1841,0.85,0.4
1842,0.78,-0.5
1843,0.81,-1.2
1844,0.85,-0.7
1845,0.81,2.6
1846,0.76,3.2
1847,0.74,6.5
1848,0.77,6.6
1849,0.74,2.6
1850,0.8,0.5
1851,0.78,-1.2
1852,0.83,-2.9
1853,0.76,-3.7
1854,0.75,-6.1
1855,0.73,-4.6
1856,0.67,-5.9
1857,0.68,-6.1
1858,0.69,-0.7
1859,0.84,2
1860,0.84,1.7
1861,0.85,2.6
1862,0.8,1.4
1863,0.76,0.8
1864,0.81,0.7
1865,0.8,1.6
1866,0.67,2.9
1867,0.6,3.5
1868,0.68,4.1
1869,0.81,6.6
1870,0.76,10.2
1871,0.8,3
1872,0.81,1.1
1873,0.84,-0.3
1874,0.81,-1.1
1875,0.82,-1.3
1876,0.77,-0.9
1877,0.82,-1
1878,0.79,0.2
1879,0.86,-1.2
1880,0.89,-1.7
1881,0.78,-2.2
1882,0.76,-2
1883,0.79,-2.7
1884,0.71,-1.3
1885,0.81,-4
1886,0.6,-6.2
1887,0.66,-7.6
1888,0.63,-3.9
1889,0.58,0.5
1890,0.64,-0.2
1891,0.79,-0.3
1892,0.84,-2.2
1893,0.79,-3.4
1894,0.84,1.6
1895,0.78,3
1896,0.76,2.6
1897,0.66,2.5
1898,0.7,3.4
1899,0.66,2.2
1900,0.61,5.4
1901,0.63,9.5
1902,0.54,11.2
1903,0.54,13
1904,0.58,13.8
1905,0.62,13.6
1906,0.77,12
1907,0.66,11.4
1908,0.72,11
1909,0.8,13.2
1910,0.85,12.1
1911,0.72,12.5
1912,0.85,11.1
1913,0.87,11.3
1914,0.75,11.9
1915,0.8,11.7
1916,0.74,11
1917,0.8,9.6
1918,0.62,10.9
1919,0.53,11.6
1920,0.52,11.9
1921,0.5,11.9
1922,0.69,10.4
1923,0.66,13.2
1924,0.72,12
1925,0.8,7.6
1926,0.85,3.6
1927,0.69,5.1
1928,0.54,9.1
1929,0.69,8.7
1930,0.68,10.1
1931,0.64,12
1932,0.67,10.9
1933,0.81,8.6
1934,0.92,6.3
1935,0.8,10.5
1936,0.74,9.5
1937,0.84,7.5
1938,0.78,8.1
1939,0.54,9.3
1940,0.7,10.7
1941,0.96,11
1942,0.82,10.8
1943,0.7,12.8
1944,0.88,11
1945,0.72,14.4
1946,0.61,17.8
1947,0.57,19
1948,0.52,20.6
1949,0.53,19.9
1950,0.86,14.7
1951,0.84,11.8
1952,0.84,11.4
1953,0.79,10
1954,0.83,10.2
1955,0.61,10.1
1956,0.6,10.5
1957,0.63,9.7
1958,0.66,9.4
1959,0.54,12.4
1960,0.7,14.1
1961,0.79,13.5
1962,0.73,13.6
1963,0.92,9.9
1964,0.77,12.3
1965,0.82,9
1966,0.7,12
1967,0.62,17.4
1968,0.82,16.7
1969,0.86,14.6
1970,0.9,12.1
1971,0.67,14.7
1972,0.6,18.2
1973,0.62,21.1
1974,0.58,22.8
1975,0.56,23.5
1976,0.67,23.3
1977,0.83,17.4
1978,0.67,14.2
1979,0.63,15.1
1980,0.56,17.7
1981,0.59,20.8
1982,0.68,16.9
1983,0.61,16.1
1984,0.77,14.6
1985,0.64,12.1
1986,0.58,11.9
1987,0.57,12
1988,0.56,13.3
1989,0.59,15.1
1990,0.69,15.9
1991,0.85,16.9
1992,0.91,16.2
1993,0.71,18.5
1994,0.66,19.6
1995,0.66,20.9
1996,0.68,22.2
1997,0.51,22.4
1998,0.47,23.7
1999,0.54,24.7
2000,0.62,24.4
2001,0.61,24.6
2002,0.64,25.5
2003,0.8,21.5
2004,0.71,23.8
2005,0.68,24.9
2006,0.66,25.1
2007,0.8,21.9
2008,0.74,19.9
2009,0.72,17.2
2010,0.8,18
2011,0.7,21.3
2012,0.79,18.5
2013,0.66,15.6
2014,0.8,14.6
2015,0.82,13.5
2016,0.79,14.1
2017,0.75,16.1
2018,0.83,17
2019,0.89,16.9
2020,0.86,17.8
2021,0.7,20.4
2022,0.54,22.1
2023,0.54,23.4
2024,0.68,22.9
2025,0.62,23.7
2026,0.73,21.1
2027,0.72,18.8
2028,0.63,18.7
2029,0.69,18.9
2030,0.69,17.6
2031,0.67,18.2
2032,0.79,19
2033,0.9,18.8
2034,0.75,21.5
2035,0.62,25.4
2036,0.61,26.8
2037,0.76,22.4
2038,0.77,19.2
2039,0.67,18.5
2040,0.66,19.1
2041,0.95,15.3
2042,0.79,17.4
2043,0.65,17.6
2044,0.66,18.2
2045,0.69,18
2046,0.7,14.9
2047,0.69,14
2048,0.63,15.8
2049,0.67,17.3
2050,0.67,16.7
2051,0.68,18.5
2052,0.72,17.7
2053,0.82,15
2054,0.9,13.6
2055,0.79,16
2056,0.7,18.4
2057,0.68,20.6
2058,0.72,19.8
2059,0.85,16.2
2060,0.94,15.1
2061,0.9,17.1
2062,0.78,17.9
2063,0.79,18
2064,0.84,17.3
2065,0.76,16.5
2066,0.75,16.3
2067,0.72,17.4
2068,0.75,18.5
2069,0.75,21.2
2070,0.71,22.6
2071,0.73,22
2072,0.78,21.4
2073,0.78,21.3
2074,0.78,20.1
2075,0.71,19.9
2076,0.69,20.7
2077,0.7,20
2078,0.66,21.4
2079,0.82,19.9
2080,0.82,18.8
2081,0.85,16.3
2082,0.82,16.7
2083,0.9,16.5
2084,0.82,17.4
2085,0.79,17.2
2086,0.78,16.2
2087,0.81,10.3
2088,0.73,9.9
2089,0.78,10.1
2090,0.76,11.4
2091,0.76,11.6
2092,0.75,12.2
2093,0.76,15
2094,0.76,15.9
2095,0.76,16.5
2096,0.81,16.4
2097,0.85,15.6
2098,0.79,15.1
2099,0.76,13.5
2100,0.77,11.7
2101,0.9,12.2
2102,0.92,10.3
2103,0.94,10
2104,0.95,11.9
2105,0.89,12.4
2106,0.92,13.3
2107,0.85,13.9
2108,0.83,13.9
2109,0.79,13.6
2110,0.86,12.5
2111,0.85,13.2
2112,0.8,13.5
2113,0.79,12.2
2114,0.78,11.3
2115,0.82,10.6
2116,0.86,10
2117,0.79,9.7
2118,0.75,7.9
2119,0.88,9.3
2120,0.87,12.7
2121,0.84,13.9
2122,0.89,14.8
2123,0.88,13.2
2124,0.87,12.3
2125,0.7,14.7
2126,0.7,15.8
2127,0.79,13.4
2128,0.77,13.6
2129,0.76,13.7
2130,0.73,13.7
2131,0.74,13.6
2132,0.82,13.3
2133,0.83,11.9
2134,0.8,13.9
2135,0.87,12.5
2136,0.82,9.6
2137,0.84,6.6
2138,0.81,7.1
2139,0.8,7.4
2140,0.88,6.7
2141,0.9,8.8
2142,0.88,8.2
2143,0.86,7.2
2144,0.9,5.8
2145,0.83,4.7
2146,0.86,5
2147,0.88,5.9
2148,0.82,2.9
2149,0.81,2.1
2150,0.9,-0.5
2151,0.84,-0.4
2152,0.8,1
2153,0.68,1.5
2154,0.67,0.7
2155,0.66,-2.2
2156,0.78,0.5
2157,0.77,-1.3
2158,0.81,-1.4
2159,0.8,2.2
2160,0.96,1.9
2161,0.92,1.3
2162,0.83,0.7
2163,0.8,-0.1
2164,0.81,4.7
2165,0.6,9.6
2166,0.76,6.2
2167,0.87,3.1
2168,0.86,3.3
2169,0.92,2.2
2170,0.93,2
2171,0.81,0.5
2172,0.94,-3.6
2173,0.9,-3.8
2174,0.88,-0.8
2175,0.74,0.9
2176,0.8,1.3
2177,0.76,5.6
2178,0.79,1.3
2179,0.75,0.2
2180,0.78,-0.2
2181,0.87,0
2182,0.79,-0.4
2183,0.76,0.5
2184,0.84,1.9
2185,0.92,0.8
2186,0.86,2.5
2187,0.85,1
2188,0.82,-2
2189,0.83,-5.4
2190,0.81,-4
2191,0.86,-6.2
2192,0.9,3.8
2193,0.77,4.6
2194,0.93,2.9
2195,0.9,2.2
2196,0.88,0.2
2197,0.71,0.7
2198,0.79,-1.8
2199,0.81,-2.6
2200,0.8,-2.8
2201,0.84,-3.6
2202,0.86,-4
2203,0.81,-3.6
2204,0.8,-2.1
2205,0.83,-4
2206,0.84,-5.2
2207,0.81,-5
2208,0.8,-3.9
2209,0.87,2.4
2210,0.87,5.2
2211,0.9,2.8
2212,0.79,3.6
2213,0.78,4.4
2214,0.89,1.8
2215,0.72,-2.1
2216,0.71,-4.8
2217,0.78,-2.4
2218,0.9,-1.6
2219,0.93,-5.8
2220,0.89,-6.5
2221,0.87,-4.8
2222,0.85,-4.4
2223,0.85,-3.8
2224,0.86,-3.5
2225,0.93,-3.7
2226,0.95,-5.6
2227,0.88,-6
2228,0.77,-2.4
2229,0.75,0.5
2230,0.78,2.9
2231,0.76,3
2232,0.8,1.9
2233,0.72,0.8
2234,0.8,0.1
2235,0.79,-2.3
2236,0.73,-0.8
2237,0.72,3.6
2238,0.87,4.8
2239,0.79,8.3
2240,0.72,5.5
2241,0.68,6.8
2242,0.76,5.3
2243,0.81,5.5
2244,0.77,4.8
2245,0.87,3.1
2246,0.9,0.7
2247,0.86,0.6
2248,0.86,0
2249,0.91,-1.6
2250,0.72,-2.1
2251,0.75,-0.9
2252,0.69,-0.8
2253,0.77,-2.1
2254,0.74,5.1
2255,0.94,0.2
2256,0.84,-1
2257,0.81,0
2258,0.7,0.4
2259,0.86,1.5
2260,0.74,8.1
2261,0.83,3.8
2262,0.83,2.4
2263,0.71,-3.1
2264,0.58,-2
2265,0.6,-0.2
2266,0.67,1.1
2267,0.67,1.4
2268,0.59,2.4
2269,0.61,2.9
2270,0.61,4.4
2271,0.68,7
2272,0.87,8.3
2273,0.94,4.8
2274,0.86,4.6
2275,0.81,7.2
2276,0.67,12.5
2277,0.67,15.3
2278,0.66,15
2279,0.82,8.8
2280,0.71,8.5
2281,0.77,10.8
2282,0.62,13.3
2283,0.7,11.4
2284,0.75,11.3
2285,0.68,9.4
2286,0.61,8.9
2287,0.92,2.1
2288,0.7,3.7
2289,0.59,5.6
2290,0.55,9.5
2291,0.86,6.4
2292,0.93,2.8
2293,0.71,5
2294,0.8,5.2
2295,0.82,7.2
2296,0.69,11.3
2297,0.82,10.3
2298,0.74,11.7
2299,0.81,10.7
2300,0.67,11.8
2301,0.64,10.9
2302,0.62,12.9
2303,0.55,15.2
2304,0.58,15
2305,0.6,15.1
2306,0.56,15.5
2307,0.84,14.2
2308,0.86,13
2309,0.88,12.8
2310,0.81,11
2311,0.62,7.1
2312,0.57,7
2313,0.54,11.3
2314,0.55,15.2
2315,0.53,17.2
2316,0.56,18.5
2317,0.75,16.7
2318,0.78,15.2
2319,0.81,14.1
2320,0.9,12.2
2321,0.87,8.6
2322,0.78,10.5
2323,0.72,14
2324,0.68,15.4
2325,0.81,14.8
2326,0.7,15
2327,0.69,17.2
2328,0.88,16.5
2329,0.72,19.1
2330,0.89,15.8
2331,0.63,14.7
2332,0.64,14.3
2333,0.63,15.3
2334,0.7,15.1
2335,0.59,13.4
2336,0.59,12.7
2337,0.61,13.4
2338,0.66,17.7
2339,0.76,18.6
2340,0.81,16.6
2341,0.91,11.1
2342,0.79,8.2
2343,0.77,7.9
2344,0.84,7.9
2345,0.88,7.6
2346,0.67,11.8
2347,0.67,14.2
2348,0.69,13.5
2349,0.64,13.9
2350,0.57,14
2351,0.54,15.7
2352,0.47,17.7
2353,0.49,19.2
2354,0.47,20.6
2355,0.52,21.4
2356,0.55,22.8
2357,0.54,23.8
2358,0.5,23.5
2359,0.61,21.1
2360,0.71,20.7
2361,0.71,22.1
2362,0.86,19.7
2363,0.76,22.4
2364,0.74,21.8
2365,0.72,19.2
2366,0.63,18.7
2367,0.66,21.4
2368,0.76,21.8
2369,0.75,20.5
2370,0.78,21.1
2371,0.79,21.1
2372,0.83,19.8
2373,0.69,21.6
2374,0.59,22.2
2375,0.5,23
2376,0.59,23.3
2377,0.6,25
2378,0.71,22.4
2379,0.77,19.6
2380,0.76,19.7
2381,0.73,20.9
2382,0.68,22.1
2383,0.62,23.5
2384,0.63,24.9
2385,0.69,24.6
2386,0.71,24.4
2387,0.78,22.5
2388,0.63,22.6
2389,0.52,22.6
2390,0.54,22.6
2391,0.51,23.8
2392,0.48,25.8
2393,0.49,26.7
2394,0.54,26.9
2395,0.61,25.4
2396,0.6,25.3
2397,0.61,25.7
2398,0.5,27.4
2399,0.56,25.6
2400,0.53,26.2
2401,0.75,21.7
2402,0.76,21.7
2403,0.63,23.9
2404,0.8,21.4
2405,0.73,19.3
2406,0.62,18.7
2407,0.85,15.2
2408,0.8,16.4
2409,0.9,15.9
2410,0.91,15.8
2411,0.71,18.7
2412,0.76,17.9
2413,0.67,17.8
2414,0.78,15.5
2415,0.84,13.6
2416,0.8,13.5
2417,0.85,13.1
2418,0.8,14
2419,0.66,17.8
2420,0.8,17.9
2421,0.82,19
2422,0.65,19.4
2423,0.7,19.4
2424,0.74,17.9
2425,0.68,18
2426,0.71,17.6
2427,0.71,17.8
2428,0.74,16.4
2429,0.66,15.9
2430,0.82,14.9
2431,0.86,15.7
2432,0.86,14.4
2433,0.87,11.8
2434,0.78,12.9
2435,0.69,14.3
2436,0.69,16.8
2437,0.75,18.6
2438,0.77,21.3
2439,0.72,22.9
2440,0.75,21.7
2441,0.82,20
2442,0.78,21.6
2443,0.65,16.8
2444,0.66,16.6
2445,0.7,19.8
2446,0.79,20.4
2447,0.79,18.8
2448,0.72,19.9
2449,0.79,18.3
2450,0.92,16.6
2451,0.85,16.9
2452,0.92,16.4
2453,0.89,15.8
2454,0.8,17.2
2455,0.8,16.9
2456,0.76,18.4
2457,0.79,18.8
2458,0.82,19.2
2459,0.84,18.4
2460,0.94,14.5
2461,0.9,14.5
2462,0.87,14.9
2463,0.85,14.9
2464,0.81,16.5
2465,0.86,17.3
2466,0.94,16.2
2467,0.87,17.2
2468,0.88,14.7
2469,0.8,11.9
2470,0.75,12.2
2471,0.79,13.3
2472,0.81,12.8
2473,0.8,11.4
2474,0.8,13.4
2475,0.84,14
2476,0.85,14.3
2477,0.81,15.4
2478,0.89,15
2479,0.93,13.2
2480,0.87,12.5
2481,0.87,9.8
2482,0.83,11.2
2483,0.85,11.9
2484,0.9,13.3
2485,0.8,14.9
2486,0.9,14.4
2487,0.79,15.5
2488,0.91,14.4
2489,0.66,15
2490,0.72,12.8
2491,0.73,15.5
2492,0.86,14.6
2493,0.82,14.8
2494,0.85,14.8
2495,0.85,11.3
2496,0.79,11.9
2497,0.71,8.4
2498,0.69,2.7
2499,0.75,2.4
2500,0.77,3.4
2501,0.82,3.4
2502,0.82,3.9
2503,0.78,6.1
2504,0.82,7.3
2505,0.83,10.8
2506,0.73,6.3
2507,0.86,6
2508,0.81,8.7
2509,0.74,9.3
2510,0.86,12
2511,0.85,11.4
2512,0.83,10.1
2513,0.84,11.7
2514,0.82,10.8
2515,0.85,8
2516,0.76,7
2517,0.84,7.9
2518,0.77,5.2
2519,0.71,9.7
2520,0.78,12
2521,0.72,12.5
2522,0.86,10.7
2523,0.88,8.6
2524,0.88,6.6
2525,0.94,8.2
2526,0.95,6.7
2527,0.87,5.9
2528,0.86,5.2
2529,0.67,11.1
2530,0.71,11.6
2531,0.71,13.7
2532,0.86,8.6
2533,0.81,6.5
2534,0.84,7.7
2535,0.88,5.4
2536,0.84,3.7
2537,0.86,2.1
2538,0.78,5.1
2539,0.8,4.2
2540,0.81,2.5
2541,0.89,1.2
2542,0.85,2.9
2543,0.91,4.9
2544,0.94,0.7
2545,0.6,2
2546,0.66,0.4
2547,0.86,-0.8
2548,0.81,0.1
2549,0.89,-1.1
2550,0.78,0.7
2551,0.9,0
2552,0.82,0.4
2553,0.82,-0.6
2554,0.81,-0.6
2555,0.82,-0.2
2556,0.77,1.7
2557,0.72,10.3
2558,0.81,9.4
2559,0.82,4.3
2560,0.76,5.5
2561,0.82,5.8
2562,0.72,7.3
2563,0.75,8.5
2564,0.8,9.1
2565,0.76,8.8
2566,0.79,11.3
2567,0.77,10.2
2568,0.66,10.7
2569,0.73,9
2570,0.8,8.9
2571,0.84,8.1
2572,0.87,4.3
2573,0.85,5.4
2574,0.76,9.6
2575,0.6,13.7
2576,0.71,13.6
2577,0.67,12.3
2578,0.68,7.9
2579,0.8,4
2580,0.87,-0.3
2581,0.9,-4.2
2582,0.86,-5.2
2583,0.83,-4.7
2584,0.84,-0.9
2585,0.79,1.9
2586,0.76,3.3
2587,0.84,1.6
2588,0.86,1
2589,0.81,3.4
2590,0.81,3.7
2591,0.75,5.1
2592,0.73,3.5
2593,0.76,4.7
2594,0.89,3.2
2595,0.88,4.2
2596,0.76,6.3
2597,0.74,5
2598,0.87,4.8
2599,0.73,8.1
2600,0.74,8.5
2601,0.7,6.8
2602,0.85,4.6
2603,0.76,7.2
2604,0.57,7.5
2605,0.67,5.9
2606,0.69,6.7
2607,0.81,6.4
2608,0.84,6
2609,0.7,7.6
2610,0.68,9.4
2611,0.66,9.5
2612,0.7,8.6
2613,0.69,8.2
2614,0.8,6.7
2615,0.72,6.8
2616,0.64,11.4
2617,0.69,9.3
2618,0.8,7.2
2619,0.69,11
2620,0.64,9.6
2621,0.67,8.7
2622,0.69,8.8
2623,0.72,9.4
2624,0.68,8.4
2625,0.71,6.6
2626,0.67,6.1
2627,0.59,6.2
2628,0.59,7.6
2629,0.62,8.9
2630,0.72,8.7
2631,0.76,8.8
2632,0.72,9.4
2633,0.67,8.3
2634,0.72,8.4
2635,0.76,3.4
2636,0.76,2
2637,0.82,2.3
2638,0.85,1.7
2639,0.87,1.7
2640,0.87,2.5
2641,0.81,4.3
2642,0.73,7.1
2643,0.68,8.3
2644,0.67,8.8
2645,0.7,8.5
2646,0.74,7.1
2647,0.84,4.8
2648,0.83,7.9
2649,0.72,10.6
2650,0.67,9.9
2651,0.69,6.9
2652,0.62,8.3
2653,0.62,10.5
2654,0.58,13
2655,0.58,10.8
2656,0.58,12.4
2657,0.55,13.1
2658,0.62,13.5
2659,0.61,15.2
2660,0.57,16.6
2661,0.58,17.7
2662,0.53,18.6
2663,0.51,17.1
2664,0.48,17.2
2665,0.53,12.4
2666,0.57,11.6
2667,0.55,13.3
2668,0.56,13.8
2669,0.54,16
2670,0.51,18.1
2671,0.52,18.7
2672,0.51,19.8
2673,0.47,19.1
2674,0.68,16.9
2675,0.67,18.1
2676,0.63,18.2
2677,0.6,16.8
2678,0.44,16
2679,0.57,13.2
2680,0.63,14.3
2681,0.71,13.7
2682,0.9,12.7
2683,0.61,15.8
2684,0.66,15
2685,0.74,15.9
2686,0.7,15.5
2687,0.5,18.5
2688,0.58,17.1
2689,0.56,17.3
2690,0.51,20.4
2691,0.81,13.2
2692,0.77,10.5
2693,0.8,11
2694,0.9,12.5
2695,0.7,14.6
2696,0.65,17.2
2697,0.67,19.2
2698,0.65,20.8
2699,0.67,21.6
2700,0.7,21
2701,0.72,20.7
2702,0.61,23.4
2703,0.57,21.7
2704,0.74,15.8
2705,0.86,10.1
2706,0.81,9.1
2707,0.62,12.4
2708,0.74,14.5
2709,0.9,12.6
2710,0.89,14.2
2711,0.84,16.3
2712,0.77,18.4
2713,0.75,19.1
2714,0.77,19.1
2715,0.76,20.7
2716,0.78,20.9
2717,0.79,21.3
2718,0.77,20.6
2719,0.84,18.8
2720,0.72,20.8
2721,0.71,21.3
2722,0.73,21.2
2723,0.92,16.4
2724,0.68,17.9
2725,0.72,19.6
2726,0.8,20.1
2727,0.67,23.3
2728,0.74,22.8
2729,0.82,18.3
2730,0.72,17.3
2731,0.66,17
2732,0.61,20.2
2733,0.76,17
2734,0.7,14.4
2735,0.76,13
2736,0.65,14.5
2737,0.64,16.8
2738,0.65,18.9
2739,0.69,20.1
2740,0.84,16.3
2741,0.83,15.1
2742,0.78,13.6
2743,0.7,14.7
2744,0.7,17.4
2745,0.68,19.3
2746,0.87,17.7
2747,0.78,15.5
2748,0.78,12.7
2749,0.82,13.9
2750,0.69,17.2
2751,0.62,21.1
2752,0.62,23.4
2753,0.59,25.4
2754,0.6,25.3
2755,0.62,22.6
2756,0.73,22.2
2757,0.8,21.2
2758,0.74,21.1
2759,0.84,17.5
2760,0.7,18.2
2761,0.77,17.9
2762,0.78,16.7
2763,0.68,18.5
2764,0.65,20.8
2765,0.59,22.2
2766,0.64,21.2
2767,0.75,19.7
2768,0.65,15.5
2769,0.65,14.8
2770,0.62,18.2
2771,0.72,19.7
2772,0.72,17.9
2773,0.71,19.3
2774,0.6,22
2775,0.66,22.8
2776,0.89,18.1
2777,0.89,14.9
2778,0.88,13.1
2779,0.86,14.6
2780,0.88,17.2
2781,0.8,19.4
2782,0.76,20.2
2783,0.77,21.1
2784,0.6,25.3
2785,0.71,18.5
2786,0.69,16.9
2787,0.71,17.3
2788,0.78,16.9
2789,0.8,15.3
2790,0.9,14.3
2791,0.74,16.3
2792,0.73,18.5
2793,0.7,19.7
2794,0.7,20.6
2795,0.72,20.8
2796,0.74,21
2797,0.85,16.6
2798,0.94,14.4
2799,0.84,14.2
2800,0.74,15.5
2801,0.78,15.8
2802,0.73,16.4
2803,0.82,14.9
2804,0.76,11.9
2805,0.72,10.6
2806,0.81,10.4
2807,0.84,13.4
2808,0.77,14.8
2809,0.76,15.3
2810,0.73,14.8
2811,0.69,13.8
2812,0.78,12.9
2813,0.78,14.5
2814,0.75,17.4
2815,0.74,16.8
2816,0.78,17.1
2817,0.81,17.7
2818,0.82,12.7
2819,0.76,11.2
2820,0.74,11.7
2821,0.73,14.4
2822,0.74,16.1
2823,0.74,16.9
2824,0.76,17.7
2825,0.7,13.5
2826,0.79,11
2827,0.92,9.2
2828,0.84,10.4
2829,0.73,13.3
2830,0.85,14.3
2831,0.76,17.3
2832,0.82,17.5
2833,0.82,18.5
2834,0.84,18.5
2835,0.88,16.3
2836,0.79,14.1
2837,0.83,11.5
2838,0.82,12.1
2839,0.83,11.7
2840,0.79,12.3
2841,0.86,10
2842,0.8,10.5
2843,0.77,11.2
2844,0.82,9.9
2845,0.81,12.1
2846,0.81,12.4
2847,0.78,14
2848,0.73,9.6
2849,0.76,5.5
2850,0.67,4.5
2851,0.78,3.2
2852,0.7,4.5
2853,0.68,5.7
2854,0.71,6.6
2855,0.73,7.7
2856,0.79,7.9
2857,0.78,8.4
2858,0.85,6.4
2859,0.79,7.9
2860,0.82,8
2861,0.92,4.6
2862,0.9,4.5
2863,0.87,4.8
2864,0.82,7.3
2865,0.82,9
2866,0.79,5.2
2867,0.72,7.3
2868,0.75,6.6
2869,0.81,8.7
2870,0.67,5.2
2871,0.7,5.7
2872,0.78,8.7
2873,0.76,4.7
2874,0.72,4
2875,0.84,2.8
2876,0.82,0
2877,0.72,-1.2
2878,0.79,-1.4
2879,0.78,-0.6
2880,0.7,0.9
2881,0.65,4.3
2882,0.81,6.3
2883,0.88,7.2
2884,0.94,8
2885,0.92,4.6
2886,0.77,4.4
2887,0.74,4.8
2888,0.78,2.5
2889,0.83,0.1
2890,0.85,0
2891,0.87,4.7
2892,0.86,6.4
2893,0.63,9.7
2894,0.75,7.1
2895,0.78,6.3
2896,0.78,7.4
2897,0.73,9.8
2898,0.72,10.2
2899,0.72,5.8
2900,0.66,8.4
2901,0.8,6.2
2902,0.88,4.4
2903,0.9,3.8
2904,0.75,4.6
2905,0.76,0.4
2906,0.57,-0.5
2907,0.73,-1.6
2908,0.64,-0.7
2909,0.72,-2.4
2910,0.74,-2.2
2911,0.8,-2.6
2912,0.8,-2.8
2913,0.84,-2.6
2914,0.87,-3.2
2915,0.87,-4.3
2916,0.84,-3.9
2917,0.87,-1.3
2918,0.89,0.4
2919,0.81,-0.9
2920,0.8,0
2921,0.85,3.8
2922,0.86,0.9
2923,0.86,-0.5
2924,0.67,-1.4
2925,0.68,-0.5
2926,0.8,-0.3
2927,0.74,6.3
2928,0.88,6.4
2929,0.79,7
2930,0.76,3.7
2931,0.87,3.7
2932,0.82,6.1
2933,0.65,7.3
2934,0.8,4.7
2935,0.79,3
2936,0.86,2.7
2937,0.81,5
2938,0.74,7
2939,0.8,5.4
2940,0.78,9.4
2941,0.61,11.9
2942,0.65,9.2
2943,0.76,7.2
2944,0.78,5.9
2945,0.75,1.7
2946,0.65,3.6
2947,0.82,4.4
2948,0.81,1.9
2949,0.6,3.5
2950,0.6,2.7
2951,0.77,2.2
2952,0.8,2.7
2953,0.83,1.4
2954,0.63,7.6
2955,0.76,2.2
2956,0.73,0.7
2957,0.76,3.1
2958,0.76,5.1
2959,0.65,10
2960,0.8,4.6
2961,0.76,2.5
2962,0.69,2.7
2963,0.7,2.8
2964,0.74,2.5
2965,0.69,2.6
2966,0.74,1.7
2967,0.84,0.3
2968,0.8,0.1
2969,0.52,0.7
2970,0.53,0.7
2971,0.61,1.1
2972,0.58,2.6
2973,0.76,3.8
2974,0.92,6.9
2975,0.77,8.7
2976,0.68,11.1
2977,0.67,9.7
2978,0.7,8.3
2979,0.73,9.4
2980,0.72,8.3
2981,0.69,8
2982,0.72,11.8
2983,0.64,11.9
2984,0.64,11.4
2985,0.73,8.8
2986,0.78,3.1
2987,0.66,1.3
2988,0.6,0.3
2989,0.63,1.4
2990,0.78,4.6
2991,0.69,6.6
2992,0.64,8.6
2993,0.63,9.2
2994,0.69,10.7
2995,0.58,7.8
2996,0.65,11.5
2997,0.64,11.7
2998,0.6,10.6
2999,0.78,6.8
3000,0.6,3.9
3001,0.67,2.1
3002,0.64,3.3
3003,0.77,4.1
3004,0.69,3.2
3005,0.83,0.6
3006,0.74,-0.4
3007,0.76,1.2
3008,0.8,4.8
3009,0.73,5.2
3010,0.59,7
3011,0.55,9.7
3012,0.46,12.5
3013,0.69,9.2
3014,0.64,10.9
3015,0.62,10.3
3016,0.7,7.8
3017,0.67,7.2
3018,0.65,8.7
3019,0.74,5.2
3020,0.62,2.7
3021,0.72,3
3022,0.84,8.1
3023,0.94,8.6
3024,0.86,9
3025,0.71,8.2
3026,0.64,9.4
3027,0.74,7.6
3028,0.81,5.9
3029,0.77,5.5
3030,0.75,6.2
3031,0.71,10.7
3032,0.6,12
3033,0.72,10.7
3034,0.89,9.8
3035,0.91,9.9
3036,0.89,11.7
3037,0.7,13.7
3038,0.6,13.2
3039,0.56,13
3040,0.56,14.8
3041,0.78,13
3042,0.61,11.7
3043,0.74,9.7
3044,0.71,10.8
3045,0.6,13.7
3046,0.59,14.3
3047,0.58,16
3048,0.45,15.7
3049,0.47,16.6
3050,0.51,17.1
3051,0.49,17.3
3052,0.52,17.5
3053,0.44,19.4
3054,0.59,16.7
3055,0.66,16.3
3056,0.55,17.4
3057,0.55,17.8
3058,0.76,15.9
3059,0.78,16.8
3060,0.89,14.5
3061,0.84,13.7
3062,0.84,13.2
3063,0.66,13.6
3064,0.7,11.7
3065,0.76,13
3066,0.66,15.8
3067,0.84,15.4
3068,0.76,18.2
3069,0.79,19
3070,0.81,19.8
3071,0.65,20.4
3072,0.78,20
3073,0.77,19.3
3074,0.84,17.4
3075,0.76,19.1
3076,0.76,18
3077,0.73,17.7
3078,0.86,14.4
3079,0.88,15
3080,0.86,13.4
3081,0.89,12.3
3082,0.83,15.2
3083,0.75,17.5
3084,0.75,19.1
3085,0.84,17.3
3086,0.71,15.9
3087,0.71,12.8
3088,0.62,13.4
3089,0.81,11.8
3090,0.82,13.6
3091,0.88,15.3
3092,0.64,18.5
3093,0.52,21.1
3094,0.63,20.2
3095,0.64,22.3
3096,0.66,24.4
3097,0.7,24.4
3098,0.78,22.5
3099,0.68,24
3100,0.66,21.2
3101,0.6,20.9
3102,0.61,20.8
3103,0.63,23.2
3104,0.63,22.8
3105,0.61,23.3
3106,0.55,25
3107,0.89,18.2
3108,0.63,18
3109,0.61,20
3110,0.81,18.3
3111,0.63,17.7
3112,0.68,16.5
3113,0.66,18.7
3114,0.6,21.8
3115,0.73,21.1
3116,0.78,17.5
3117,0.88,15.1
3118,0.77,15.8
3119,0.64,18.2
3120,0.63,20.7
3121,0.85,16.9
3122,0.71,18
3123,0.64,20.3
3124,0.64,19.8
3125,0.56,15.9
3126,0.68,15.1
3127,0.65,17
3128,0.58,19.5
3129,0.59,21.4
3130,0.67,21.8
3131,0.8,21.4
3132,0.7,23.7
3133,0.67,23.7
3134,0.72,23
3135,0.57,25
3136,0.75,20.6
3137,0.66,21.1
3138,0.68,22.2
3139,0.76,20.2
3140,0.68,20.9
3141,0.66,22.4
3142,0.7,21.8
3143,0.75,17.6
3144,0.69,18.6
3145,0.66,19.8
3146,0.85,18.7
3147,0.92,17.4
3148,0.67,17.5
3149,0.69,17.2
3150,0.85,14.1
3151,0.67,16.1
3152,0.77,16.2
3153,0.68,20.4
3154,0.79,18.9
3155,0.75,17.2
3156,0.69,17.4
3157,0.81,16.2
3158,0.77,15.5
3159,0.7,15.9
3160,0.71,18.5
3161,0.73,18.7
3162,0.7,19.3
3163,0.81,18.1
3164,0.76,17.9
3165,0.71,19.9
3166,0.72,21.6
3167,0.82,18.8
3168,0.75,18.8
3169,0.78,18.8
3170,0.91,16.4
3171,0.77,19.7
3172,0.86,16.6
3173,0.73,16.4
3174,0.74,16.3
3175,0.68,18.7
3176,0.74,19.6
3177,0.78,20.2
3178,0.82,15.8
3179,0.93,13
3180,0.83,10.7
3181,0.8,9.4
3182,0.76,9.6
3183,0.79,8.3
3184,0.8,10.2
3185,0.79,13.2
3186,0.64,11.8
3187,0.72,9.1
3188,0.82,9.3
3189,0.8,10.3
3190,0.8,10.4
3191,0.85,11.2
3192,0.7,11.6
3193,0.76,9.7
3194,0.77,10.1
3195,0.78,11.3
3196,0.73,12.5
3197,0.63,14.3
3198,0.69,12
3199,0.77,8.5
3200,0.78,7.4
3201,0.75,8.9
3202,0.82,13.8
3203,0.85,14.7
3204,0.81,15.3
3205,0.92,13.3
3206,0.81,14.5
3207,0.77,14.6
3208,0.82,14.5
3209,0.79,15.5
3210,0.81,16.5
3211,0.83,16
3212,0.87,13.4
3213,0.76,8.7
3214,0.78,7.4
3215,0.8,10.1
3216,0.78,13.4
3217,0.88,14.5
3218,0.93,7.4
3219,0.86,7
3220,0.83,7.3
3221,0.83,7.1
3222,0.78,9.2
3223,0.87,9.6
3224,0.9,7.9
3225,0.91,4.7
3226,0.86,3.3
3227,0.87,4
3228,0.86,4.9
3229,0.85,7.8
3230,0.84,10.4
3231,0.92,9.6
3232,0.9,9.1
3233,0.88,9
3234,0.81,9.9
3235,0.83,8.9
3236,0.83,9.8
3237,0.69,12.1
3238,0.76,10.2
3239,0.81,8.2
3240,0.82,6.9
3241,0.82,4.3
3242,0.82,3.9
3243,0.88,6.3
3244,0.88,5.9
3245,0.88,5.3
3246,0.84,7.4
3247,0.69,8.4
3248,0.74,7.3
3249,0.79,1.6
3250,0.74,0.8
3251,0.86,2.8
3252,0.81,1.1
3253,0.84,0.5
3254,0.81,-1.1
3255,0.84,-1.8
3256,0.79,1.2
3257,0.74,3.9
3258,0.82,2.7
3259,0.74,2.6
3260,0.71,2
3261,0.76,5.7
3262,0.77,6.5
3263,0.8,5
3264,0.83,3.5
3265,0.83,1.1
3266,0.83,1
3267,0.94,0.5
3268,0.94,0.4
3269,0.92,0
3270,0.86,-0.5
3271,0.91,-2.9
3272,0.93,-0.6
3273,0.91,0.3
3274,0.9,0.3
3275,0.91,0.7
3276,0.9,2.8
3277,0.82,5
3278,0.84,8.1
3279,0.77,7
3280,0.91,3.5
3281,0.94,1.5
3282,0.79,3.3
3283,0.55,0.5
3284,0.68,-1.5
3285,0.64,-1.3
3286,0.78,-2.9
3287,0.81,-2.4
3288,0.89,-0.3
3289,0.84,1.5
3290,0.89,-1
3291,0.72,-3.1
3292,0.75,-3.7
3293,0.84,-4.1
3294,0.86,-4.2
3295,0.84,-5.7
3296,0.82,-6.4
3297,0.87,-6.1
3298,0.84,-5.1
3299,0.81,-5
3300,0.78,-4.7
3301,0.76,-3.1
3302,0.87,-2.3
3303,0.93,0.6
3304,0.81,-0.1
3305,0.79,0
3306,0.79,3.1
3307,0.72,7.3
3308,0.75,4.3
3309,0.86,2.2
3310,0.78,1.5
3311,0.71,6.1
3312,0.76,2.6
3313,0.75,2
3314,0.79,0.9
3315,0.86,-0.2
3316,0.84,-0.8
3317,0.73,0.8
3318,0.77,0.2
3319,0.68,-1.1
3320,0.7,-1
3321,0.89,-1.5
3322,0.81,0.8
3323,0.81,3.4
3324,0.79,3.7
3325,0.88,5.1
3326,0.88,3.5
3327,0.84,1
3328,0.8,1.3
3329,0.68,7
3330,0.71,2.2
3331,0.75,0.3
3332,0.7,-0.4
3333,0.79,-0.8
3334,0.76,-1.9
3335,0.79,-0.4
3336,0.89,2.4
3337,0.58,-1.8
3338,0.65,-3.3
3339,0.7,-0.1
3340,0.83,3.1
3341,0.87,3
3342,0.83,4.5
3343,0.78,4
3344,0.71,3.1
3345,0.7,4.1
3346,0.69,6.6
3347,0.67,7
3348,0.71,6.7
3349,0.87,6.8
3350,0.85,5.6
3351,0.76,5.7
3352,0.89,3.2
3353,0.89,2.3
3354,0.7,3.6
3355,0.71,5.4
3356,0.73,4.3
3357,0.74,5.6
3358,0.72,5.3
3359,0.68,4.8
3360,0.64,9.5
3361,0.7,9.1
3362,0.59,9.9
3363,0.65,8.4
3364,0.71,7.4
3365,0.67,7.1
3366,0.49,6.1
3367,0.49,3
3368,0.52,2.2
3369,0.53,5.1
3370,0.61,7.6
3371,0.78,4.3
3372,0.72,4.7
3373,0.72,7
3374,0.72,8.9
3375,0.81,7.1
3376,0.73,6.3
3377,0.72,6.1
3378,0.62,8.6
3379,0.69,8.1
3380,0.71,11.6
3381,0.61,14.4
3382,0.7,12.4
3383,0.71,12.9
3384,0.66,14
3385,0.6,14
3386,0.7,12.2
3387,0.62,14
3388,0.49,15.7
3389,0.49,15.8
3390,0.64,13.7
3391,0.69,14.7
3392,0.63,15.6
3393,0.51,16.2
3394,0.75,11.5
3395,0.69,11.1
3396,0.69,10.8
3397,0.75,11.1
3398,0.74,13.5
3399,0.77,14.1
3400,0.62,15.3
3401,0.5,12
3402,0.56,11
3403,0.48,15.6
3404,0.58,14.5
3405,0.72,11.6
3406,0.77,9.4
3407,0.69,9.3
3408,0.63,10.9
3409,0.63,13.7
3410,0.77,13.8
3411,0.69,14.5
3412,0.66,11.1
3413,0.62,10.3
3414,0.63,14.2
3415,0.55,16.7
3416,0.72,17
3417,0.8,16.8
3418,0.77,16.6
3419,0.79,17.7
3420,0.82,16.9
3421,0.82,17.8
3422,0.77,18
3423,0.86,14
3424,0.7,14.1
3425,0.67,18.1
3426,0.69,15.2
3427,0.61,17.3
3428,0.51,20.5
3429,0.65,19.7
3430,0.78,17.9
3431,0.69,19.3
3432,0.62,24.5
3433,0.58,24.9
3434,0.8,18
3435,0.63,14.1
3436,0.68,15.2
3437,0.57,16.4
3438,0.47,16.9
3439,0.56,16
3440,0.66,15.5
3441,0.69,17.2
3442,0.57,17.6
3443,0.51,15.9
3444,0.58,14.6
3445,0.77,14.6
3446,0.73,15.1
3447,0.76,16.1
3448,0.73,15.9
3449,0.64,17.9
3450,0.59,17.5
3451,0.62,16.8
3452,0.61,19.1
3453,0.67,21.1
3454,0.88,19.3
3455,0.66,18.4
3456,0.62,19.5
3457,0.67,22.8
3458,0.82,17.1
3459,0.71,14.9
3460,0.7,14.8
3461,0.74,13.7
3462,0.8,14
3463,0.72,17.5
3464,0.68,20.1
3465,0.78,19.3
3466,0.82,18.5
3467,0.76,20.6
3468,0.69,22.6
3469,0.68,23.2
3470,0.67,23.5
3471,0.64,23.7
3472,0.72,22.4
3473,0.69,22
3474,0.71,21.6
3475,0.66,21.3
3476,0.69,17.4
3477,0.67,16.3
3478,0.75,16.1
3479,0.62,16.7
3480,0.59,17.1
3481,0.76,18.2
3482,0.73,22.6
3483,0.73,23.4
3484,0.86,21.1
3485,0.74,24
3486,0.85,17.2
3487,0.75,14.4
3488,0.67,16.6
3489,0.62,19.8
3490,0.57,23.6
3491,0.64,22.4
3492,0.75,20.5
3493,0.75,18.2
3494,0.68,17.6
3495,0.6,19
3496,0.64,21.3
3497,0.68,19.4
3498,0.62,22
3499,0.57,20.7
3500,0.66,18.9
3501,0.6,22.9
3502,0.81,19.2
3503,0.81,17
3504,0.7,18.9
3505,0.67,20.1
3506,0.66,21.9
3507,0.67,22.9
3508,0.89,19.7
3509,0.78,21.3
3510,0.86,20.1
3511,0.73,20.5
3512,0.68,21.1
3513,0.68,21.9
3514,0.77,20.6
3515,0.72,22.6
3516,0.65,24.2
3517,0.66,24
3518,0.7,22.9
3519,0.66,24.9
3520,0.61,26.6
3521,0.66,21.9
3522,0.62,19
3523,0.6,19.9
3524,0.6,23.7
3525,0.72,21.7
3526,0.8,21.3
3527,0.69,22.5
3528,0.71,20.1
3529,0.54,16.9
3530,0.59,15.4
3531,0.59,19.3
3532,0.69,22
3533,0.86,18.9
3534,0.77,18.6
3535,0.78,15
3536,0.67,13.5
3537,0.67,14.4
3538,0.69,16.5
3539,0.65,18.4
3540,0.65,17.7
3541,0.73,17.4
3542,0.78,16.3
3543,0.72,15.9
3544,0.65,15
3545,0.77,12.5
3546,0.81,12.5
3547,0.9,14.6
3548,0.91,16.5
3549,0.84,17.4
3550,0.84,17.6
3551,0.84,18.1
3552,0.86,17.4
3553,0.83,18.2
3554,0.84,17.4
3555,0.76,17.4
3556,0.78,16.6
3557,0.74,15.2
3558,0.74,15.9
3559,0.75,15.8
3560,0.69,15.7
3561,0.73,15.3
3562,0.72,15
3563,0.7,12.6
3564,0.7,11.7
3565,0.71,12.2
3566,0.76,13
3567,0.75,17.8
3568,0.67,20.5
3569,0.87,17.5
3570,0.92,14.2
3571,0.85,15.2
3572,0.75,14
3573,0.77,10.9
3574,0.73,8.8
3575,0.72,5.4
3576,0.69,2.7
3577,0.74,4.9
3578,0.82,6.1
3579,0.82,5.1
3580,0.75,5
3581,0.7,6.7
3582,0.68,9.6
3583,0.8,10.5
3584,0.88,10
3585,0.82,10.3
3586,0.84,12.6
3587,0.75,11.8
3588,0.75,9.2
3589,0.82,9.4
3590,0.83,9.5
3591,0.83,8.4
3592,0.82,7.9
3593,0.79,9.7
3594,0.85,9.1
3595,0.81,8.3
3596,0.7,9.9
3597,0.75,7.6
3598,0.8,6.4
3599,0.85,5.5
3600,0.88,6.3
3601,0.89,5
3602,0.87,5.2
3603,0.83,5.6
3604,0.9,5.3
3605,0.84,10.5
3606,0.83,10.2
3607,0.89,8.8
3608,0.89,11.8
3609,0.81,12.6
3610,0.83,9.6
3611,0.86,8.5
3612,0.84,9.2
3613,0.81,8.7
3614,0.77,8.9
3615,0.61,11.4
3616,0.72,12.2
3617,0.76,9.1
3618,0.68,9.1
3619,0.68,7.4
3620,0.57,8.9
3621,0.69,6.2
3622,0.89,4.2
3623,0.87,4.5
3624,0.82,3.7
3625,0.8,4.7
3626,0.83,3.6
3627,0.83,2.7
3628,0.8,6.5
3629,0.9,9.4
3630,0.72,6.9
3631,0.74,4.4
3632,0.83,6
3633,0.87,5
3634,0.91,1.6
3635,0.78,0
3636,0.65,-0.9
3637,0.66,-2.1
3638,0.82,-2.2
3639,0.81,-3.7
3640,0.69,-3.6
3641,0.81,-9.3
3642,0.83,-8.3
3643,0.89,1.2
3644,0.73,8.3
3645,0.93,2.9
3646,0.93,3.9
3647,0.71,6.2
3648,0.81,0.4
3649,0.8,1
3650,0.82,3.2
3651,0.92,4.5
3652,0.92,8.5
3653,0.93,6.6
3654,0.93,2.9
